AcceptanceID,RequirementID,PositiveTestID,NegativeTestID,AuthorizationTestID,DestructiveCancelTestID,VisualOrOutputTestID,Area,AcceptanceCriterion,PositiveCase,NegativeOrFailureCase,AuthorizationCase,DestructiveCancelCase,VisualOrOutputCase,TestLayer,PlannedPhase,Status,Evidence,DefectLink
AM-UX-001,UX-001,AT-UX-001-P,AT-UX-001-N,AT-UX-001-A,AT-UX-001-C,AT-UX-001-V,Presentation & accessibility,"Provide the branded DCMS Pro header, clinic identity, current clinic date, notification center, signed-in user and session/security state.","With valid authorized inputs, verify the documented outcome persists and survives restart: Provide the branded DCMS Pro header, clinic identity, current clinic date, notification center, signed-in user and session/security state.","Inject the applicable invalid, duplicate, boundary, unavailable-resource or persistence failure; show an understandable error, never claim success, and verify no partial/incorrect state remains.",Verify any entry point remains subject to its owning module permission; no caller-supplied identity or UI-only authorization.,N/A for this requirement; verify any action-specific cancel path in its linked workflow case.,"Review actual screen at supported viewport/scaling; check focus, overflow, alignment, loading/empty/error/disabled states and Bengali strings.",UI component/visual/keyboard tests,Phase 2,Not Run,,
AM-UX-002,UX-002,AT-UX-002-P,AT-UX-002-N,AT-UX-002-A,AT-UX-002-C,AT-UX-002-V,Presentation & accessibility,"Practice: Dashboard, Patients, Appointments, Queue. Clinical: Treatments, Prescriptions. Billing: Invoice, Payments, Inventory, Accounting. Administration: Staff & Users, Backup & Restore, Settings, About. Every item opens a real, permission-aware screen.","With valid authorized inputs, verify the documented outcome persists and survives restart: Practice: Dashboard, Patients, Appointments, Queue. Clinical: Treatments, Prescriptions. Billing: Invoice, Payments, Inventory, Accounting. Administration: Staff & Users, Backup & Restore, Settings, About. Every item opens a real, permission-aware screen.","Inject the applicable invalid, duplicate, boundary, unavailable-resource or persistence failure; show an understandable error, never claim success, and verify no partial/incorrect state remains.",Verify any entry point remains subject to its owning module permission; no caller-supplied identity or UI-only authorization.,N/A for this requirement; verify any action-specific cancel path in its linked workflow case.,"Review actual screen at supported viewport/scaling; check focus, overflow, alignment, loading/empty/error/disabled states and Bengali strings.",UI component/visual/keyboard tests,Phase 2,Not Run,,
AM-UX-003,UX-003,AT-UX-003-P,AT-UX-003-N,AT-UX-003-A,AT-UX-003-C,AT-UX-003-V,Presentation & accessibility,"Sidebar expands/collapses; target about 280 px expanded and 72 px collapsed. Active, hover, focus, disabled and selected states are visible and keyboard accessible.","With valid authorized inputs, verify the documented outcome persists and survives restart: Sidebar expands/collapses; target about 280 px expanded and 72 px collapsed. Active, hover, focus, disabled and selected states are visible and keyboard accessible.","Inject the applicable invalid, duplicate, boundary, unavailable-resource or persistence failure; show an understandable error, never claim success, and verify no partial/incorrect state remains.",Verify any entry point remains subject to its owning module permission; no caller-supplied identity or UI-only authorization.,N/A for this requirement; verify any action-specific cancel path in its linked workflow case.,"Review actual screen at supported viewport/scaling; check focus, overflow, alignment, loading/empty/error/disabled states and Bengali strings.",UI component/visual/keyboard tests,Phase 2,Not Run,,
AM-UX-004,UX-004,AT-UX-004-P,AT-UX-004-N,AT-UX-004-A,AT-UX-004-C,AT-UX-004-V,Presentation & accessibility,"Use a consistent spacing/type system and a responsive 12-column grid where appropriate; target 24 px desktop page padding and 68–76 px header. Balanced card placement must not wrap accidentally. Support 1024×768, 1280×720, 1366×768, 1440×900, 1920×1080, 2560×1440 and 3840×2160 at practical coverage.","With valid authorized inputs, verify the documented outcome persists and survives restart: Use a consistent spacing/type system and a responsive 12-column grid where appropriate; target 24 px desktop page padding and 68–76 px header. Balanced card placement must not wrap accidentally. Support 1024×768, 1280×720, 1366×768, 1440×900, 1920×1080, 2560×1440 and 3840×2160 at practical coverage.","Inject the applicable invalid, duplicate, boundary, unavailable-resource or persistence failure; show an understandable error, never claim success, and verify no partial/incorrect state remains.",Verify any entry point remains subject to its owning module permission; no caller-supplied identity or UI-only authorization.,N/A for this requirement; verify any action-specific cancel path in its linked workflow case.,"Review actual screen at supported viewport/scaling; check focus, overflow, alignment, loading/empty/error/disabled states and Bengali strings.",UI component/visual/keyboard tests,Phase 2,Not Run,,
AM-UX-005,UX-005,AT-UX-005-P,AT-UX-005-N,AT-UX-005-A,AT-UX-005-C,AT-UX-005-V,Presentation & accessibility,"Verify 100%, 125%, 150%, 175% and 200% Windows scaling where possible. Long pages/forms/modals scroll; tables scroll or adapt rather than clip; no essential control becomes unreachable; no text escapes a card, tab, modal, button or navigation item.","With valid authorized inputs, verify the documented outcome persists and survives restart: Verify 100%, 125%, 150%, 175% and 200% Windows scaling where possible. Long pages/forms/modals scroll; tables scroll or adapt rather than clip; no essential control becomes unreachable; no text escapes a card, tab, modal, button or navigation item.","Inject the applicable invalid, duplicate, boundary, unavailable-resource or persistence failure; show an understandable error, never claim success, and verify no partial/incorrect state remains.",Verify any entry point remains subject to its owning module permission; no caller-supplied identity or UI-only authorization.,N/A for this requirement; verify any action-specific cancel path in its linked workflow case.,"Review actual screen at supported viewport/scaling; check focus, overflow, alignment, loading/empty/error/disabled states and Bengali strings.",UI component/visual/keyboard tests,Phase 2,Not Run,,
AM-UX-006,UX-006,AT-UX-006-P,AT-UX-006-N,AT-UX-006-A,AT-UX-006-C,AT-UX-006-V,Presentation & accessibility,"Document palette, typography, spacing, elevation, states, icon sizing/alignment, responsive behavior and reduced-motion behavior. Typography has explicit application/page/section/card/body/metadata/table/label/button/input/helper/error roles with consistent sizes and line heights. Record a coherent palette, initially considering `#0F172A` navy, `#0F766E` teal, `#2563EB` blue, `#F8FAFC` background, `#FFFFFF` surface, `#64748B` secondary text, `#16A34A` success, `#D97706` warning, `#DC2626` danger and `#E2E8F0` border; Phase 2 may refine values after contrast/visual review. Use locally bundled, redistributable fonts with Bengali coverage; no paid icon/font/component dependency. Motion is restrained, performant and honors reduced motion where available.","With valid authorized inputs, verify the documented outcome persists and survives restart: Document palette, typography, spacing, elevation, states, icon sizing/alignment, responsive behavior and reduced-motion behavior. Typography has explicit application/page/section/card/body/metadata/table/label/button/input/helper/error roles with consistent sizes and line heights. Record a coherent palette, initially considering `#0F172A` navy, `#0F766E` teal, `#2563EB` blue, `#F8FAFC` background, `#FFFFFF` surface, `#64748B` secondary text, `#16A34A` success, `#D97706` warning, `#DC2626` danger and `#E2E8F0` border; Phase 2 may refine values after contrast/visual review. Use locally bundled, redistributable fonts with Bengali coverage; no paid icon/font/component dependency. Motion is restrained, performant and honors reduced motion where available.","Inject the applicable invalid, duplicate, boundary, unavailable-resource or persistence failure; show an understandable error, never claim success, and verify no partial/incorrect state remains.",Verify any entry point remains subject to its owning module permission; no caller-supplied identity or UI-only authorization.,N/A for this requirement; verify any action-specific cancel path in its linked workflow case.,"Review actual screen at supported viewport/scaling; check focus, overflow, alignment, loading/empty/error/disabled states and Bengali strings.",UI component/visual/keyboard tests,Phase 2,Not Run,,
AM-UX-007,UX-007,AT-UX-007-P,AT-UX-007-N,AT-UX-007-A,AT-UX-007-C,AT-UX-007-V,Presentation & accessibility,"No false/fake button, navigation, tab, upload, print, export, search, filter, sort, pagination, date range, modal, save, cancel or delete. If an action is not delivered in the current scope, do not present it as working.","With valid authorized inputs, verify the documented outcome persists and survives restart: No false/fake button, navigation, tab, upload, print, export, search, filter, sort, pagination, date range, modal, save, cancel or delete. If an action is not delivered in the current scope, do not present it as working.","Inject the applicable invalid, duplicate, boundary, unavailable-resource or persistence failure; show an understandable error, never claim success, and verify no partial/incorrect state remains.",Verify any entry point remains subject to its owning module permission; no caller-supplied identity or UI-only authorization.,N/A for this requirement; verify any action-specific cancel path in its linked workflow case.,"Review actual screen at supported viewport/scaling; check focus, overflow, alignment, loading/empty/error/disabled states and Bengali strings.",UI component/visual/keyboard tests,Phase 2,Not Run,,
AM-UX-008,UX-008,AT-UX-008-P,AT-UX-008-N,AT-UX-008-A,AT-UX-008-C,AT-UX-008-V,Presentation & accessibility,"Every data-driven screen provides loading, populated, meaningful empty and actionable error states. Loading never substitutes fabricated data. Retry exists where safe.","With valid authorized inputs, verify the documented outcome persists and survives restart: Every data-driven screen provides loading, populated, meaningful empty and actionable error states. Loading never substitutes fabricated data. Retry exists where safe.","Inject the applicable invalid, duplicate, boundary, unavailable-resource or persistence failure; show an understandable error, never claim success, and verify no partial/incorrect state remains.",Verify any entry point remains subject to its owning module permission; no caller-supplied identity or UI-only authorization.,N/A for this requirement; verify any action-specific cancel path in its linked workflow case.,"Review actual screen at supported viewport/scaling; check focus, overflow, alignment, loading/empty/error/disabled states and Bengali strings.",UI component/visual/keyboard tests,Phase 2,Not Run,,
AM-UX-009,UX-009,AT-UX-009-P,AT-UX-009-N,AT-UX-009-A,AT-UX-009-C,AT-UX-009-V,Presentation & accessibility,"Visible focus, logical reading/tab order, reliable Enter/Escape behavior, keyboard shortcuts for global search, navigation, new patient/appointment/visit/prescription/invoice, save/cancel/back/print/lock, and no focus trap or keyboard-only dead end.","With valid authorized inputs, verify the documented outcome persists and survives restart: Visible focus, logical reading/tab order, reliable Enter/Escape behavior, keyboard shortcuts for global search, navigation, new patient/appointment/visit/prescription/invoice, save/cancel/back/print/lock, and no focus trap or keyboard-only dead end.","Inject the applicable invalid, duplicate, boundary, unavailable-resource or persistence failure; show an understandable error, never claim success, and verify no partial/incorrect state remains.",Verify any entry point remains subject to its owning module permission; no caller-supplied identity or UI-only authorization.,N/A for this requirement; verify any action-specific cancel path in its linked workflow case.,"Review actual screen at supported viewport/scaling; check focus, overflow, alignment, loading/empty/error/disabled states and Bengali strings.",UI component/visual/keyboard tests,Phase 2,Not Run,,
AM-UX-010,UX-010,AT-UX-010-P,AT-UX-010-N,AT-UX-010-A,AT-UX-010-C,AT-UX-010-V,Presentation & accessibility,Icons and button labels are consistently sized and optically centered; text remains readable with long and Bengali content. Dialog dimensions are constrained to the usable viewport and scroll when needed.,"With valid authorized inputs, verify the documented outcome persists and survives restart: Icons and button labels are consistently sized and optically centered; text remains readable with long and Bengali content. Dialog dimensions are constrained to the usable viewport and scroll when needed.","Inject the applicable invalid, duplicate, boundary, unavailable-resource or persistence failure; show an understandable error, never claim success, and verify no partial/incorrect state remains.",Verify any entry point remains subject to its owning module permission; no caller-supplied identity or UI-only authorization.,N/A for this requirement; verify any action-specific cancel path in its linked workflow case.,"Review actual screen at supported viewport/scaling; check focus, overflow, alignment, loading/empty/error/disabled states and Bengali strings.",UI component/visual/keyboard tests,Phase 2,Not Run,,
AM-SET-001,SET-001,AT-SET-001-P,AT-SET-001-N,AT-SET-001-A,AT-SET-001-C,AT-SET-001-V,Activation & first-run setup,"First-launch activation precedes application setup and production access. Verify locally using an Argon2id-derived, salted verifier and constant-time comparison. Do not log, persist, display, test-fixture, document or scatter plaintext activation code. Handle invalid/repeated input professionally and honestly explain the local/offline nature; no network call.","With valid authorized inputs, verify the documented outcome persists and survives restart: First-launch activation precedes application setup and production access. Verify locally using an Argon2id-derived, salted verifier and constant-time comparison. Do not log, persist, display, test-fixture, document or scatter plaintext activation code. Handle invalid/repeated input professionally and honestly explain the local/offline nature; no network call.","Inject the applicable invalid, duplicate, boundary, unavailable-resource or persistence failure; show an understandable error, never claim success, and verify no partial/incorrect state remains.",Invoke the protected operation and query/search/export projection as a role lacking the specific permission; expect denial/redaction and no data leakage or mutation.,"Attempt the relevant destructive/finalize/restore action, choose Cancel or fail re-authentication, then prove persisted data and audit outcome remain correct; operation must not proceed.","Review the real screen for responsive layout, scrolling, field validation, loading/empty/error states and correct persisted data; use Windows visual review where native behavior applies.",Rust service + Windows Tauri E2E,Phase 4,Not Run,,
AM-SET-002,SET-002,AT-SET-002-P,AT-SET-002-N,AT-SET-002-A,AT-SET-002-C,AT-SET-002-V,Activation & first-run setup,"Collect clinic/dental-care identity, logo, address, contacts, business identity, hours, footer/advice/invoice configuration and defaults; validate each step and provide previous/next navigation.","With valid authorized inputs, verify the documented outcome persists and survives restart: Collect clinic/dental-care identity, logo, address, contacts, business identity, hours, footer/advice/invoice configuration and defaults; validate each step and provide previous/next navigation.","Inject the applicable invalid, duplicate, boundary, unavailable-resource or persistence failure; show an understandable error, never claim success, and verify no partial/incorrect state remains.",Invoke the protected operation and query/search/export projection as a role lacking the specific permission; expect denial/redaction and no data leakage or mutation.,"Attempt the relevant destructive/finalize/restore action, choose Cancel or fail re-authentication, then prove persisted data and audit outcome remain correct; operation must not proceed.","Review the real screen for responsive layout, scrolling, field validation, loading/empty/error states and correct persisted data; use Windows visual review where native behavior applies.",Rust service + Windows Tauri E2E,Phase 4,Not Run,,
AM-SET-003,SET-003,AT-SET-003-P,AT-SET-003-N,AT-SET-003-A,AT-SET-003-C,AT-SET-003-V,Activation & first-run setup,"Capture professional name, designation(s), qualification(s)/certification(s), contact information, schedule and signature information where used. Support multiple independent dentist records and multiple designation/qualification rows per dentist.","With valid authorized inputs, verify the documented outcome persists and survives restart: Capture professional name, designation(s), qualification(s)/certification(s), contact information, schedule and signature information where used. Support multiple independent dentist records and multiple designation/qualification rows per dentist.","Inject the applicable invalid, duplicate, boundary, unavailable-resource or persistence failure; show an understandable error, never claim success, and verify no partial/incorrect state remains.",Invoke the protected operation and query/search/export projection as a role lacking the specific permission; expect denial/redaction and no data leakage or mutation.,"Attempt the relevant destructive/finalize/restore action, choose Cancel or fail re-authentication, then prove persisted data and audit outcome remain correct; operation must not proceed.","Review the real screen for responsive layout, scrolling, field validation, loading/empty/error states and correct persisted data; use Windows visual review where native behavior applies.",Rust service + Windows Tauri E2E,Phase 4,Not Run,,
AM-SET-004,SET-004,AT-SET-004-P,AT-SET-004-N,AT-SET-004-A,AT-SET-004-C,AT-SET-004-V,Activation & first-run setup,"Create the first administrative login without a default password; initialize security, auto-lock, backup, printer and foundational application settings. Create baseline roles and permissions.","With valid authorized inputs, verify the documented outcome persists and survives restart: Create the first administrative login without a default password; initialize security, auto-lock, backup, printer and foundational application settings. Create baseline roles and permissions.","Inject the applicable invalid, duplicate, boundary, unavailable-resource or persistence failure; show an understandable error, never claim success, and verify no partial/incorrect state remains.",Invoke the protected operation and query/search/export projection as a role lacking the specific permission; expect denial/redaction and no data leakage or mutation.,"Attempt the relevant destructive/finalize/restore action, choose Cancel or fail re-authentication, then prove persisted data and audit outcome remain correct; operation must not proceed.","Review the real screen for responsive layout, scrolling, field validation, loading/empty/error states and correct persisted data; use Windows visual review where native behavior applies.",Rust service + Windows Tauri E2E,Phase 4,Not Run,,
AM-SET-005,SET-005,AT-SET-005-P,AT-SET-005-N,AT-SET-005-A,AT-SET-005-C,AT-SET-005-V,Activation & first-run setup,Back/forward preserves valid entries. Interruption resumes a durable setup draft. Production navigation is unavailable until final validation and one atomic finalization succeeds; failures cannot expose a half-configured clinic.,"With valid authorized inputs, verify the documented outcome persists and survives restart: Back/forward preserves valid entries. Interruption resumes a durable setup draft. Production navigation is unavailable until final validation and one atomic finalization succeeds; failures cannot expose a half-configured clinic.","Inject the applicable invalid, duplicate, boundary, unavailable-resource or persistence failure; show an understandable error, never claim success, and verify no partial/incorrect state remains.",Invoke the protected operation and query/search/export projection as a role lacking the specific permission; expect denial/redaction and no data leakage or mutation.,"Attempt the relevant destructive/finalize/restore action, choose Cancel or fail re-authentication, then prove persisted data and audit outcome remain correct; operation must not proceed.","Review the real screen for responsive layout, scrolling, field validation, loading/empty/error states and correct persisted data; use Windows visual review where native behavior applies.",Rust service + Windows Tauri E2E,Phase 4,Not Run,,
AM-SET-006,SET-006,AT-SET-006-P,AT-SET-006-N,AT-SET-006-A,AT-SET-006-C,AT-SET-006-V,Activation & first-run setup,"Show a review/confirmation step and explain selected storage, printer/backup and security settings before finalizing; allow safe correction before commit.","With valid authorized inputs, verify the documented outcome persists and survives restart: Show a review/confirmation step and explain selected storage, printer/backup and security settings before finalizing; allow safe correction before commit.","Inject the applicable invalid, duplicate, boundary, unavailable-resource or persistence failure; show an understandable error, never claim success, and verify no partial/incorrect state remains.",Invoke the protected operation and query/search/export projection as a role lacking the specific permission; expect denial/redaction and no data leakage or mutation.,"Attempt the relevant destructive/finalize/restore action, choose Cancel or fail re-authentication, then prove persisted data and audit outcome remain correct; operation must not proceed.","Review the real screen for responsive layout, scrolling, field validation, loading/empty/error states and correct persisted data; use Windows visual review where native behavior applies.",Rust service + Windows Tauri E2E,Phase 4,Not Run,,
AM-ADM-001,ADM-001,AT-ADM-001-P,AT-ADM-001-N,AT-ADM-001-A,AT-ADM-001-C,AT-ADM-001-V,Administration & settings,Provide working controls for clinic profile/branding; dentist profiles; users/roles; appointment/patient settings; clinical/prescription templates; invoice/BDT settings; printer/paper profiles; notifications; backup; auto-lock/security; database maintenance; audit; appearance; localization/date/time. Only settings actually supported may appear.,"With valid authorized inputs, verify the documented outcome persists and survives restart: Provide working controls for clinic profile/branding; dentist profiles; users/roles; appointment/patient settings; clinical/prescription templates; invoice/BDT settings; printer/paper profiles; notifications; backup; auto-lock/security; database maintenance; audit; appearance; localization/date/time. Only settings actually supported may appear.","Inject the applicable invalid, duplicate, boundary, unavailable-resource or persistence failure; show an understandable error, never claim success, and verify no partial/incorrect state remains.",Invoke the protected operation and query/search/export projection as a role lacking the specific permission; expect denial/redaction and no data leakage or mutation.,"Attempt the relevant destructive/finalize/restore action, choose Cancel or fail re-authentication, then prove persisted data and audit outcome remain correct; operation must not proceed.","Review the real screen for responsive layout, scrolling, field validation, loading/empty/error states and correct persisted data; use Windows visual review where native behavior applies.",Service integration + Windows UI E2E,Phase 9,Not Run,,
AM-ADM-002,ADM-002,AT-ADM-002-P,AT-ADM-002-N,AT-ADM-002-A,AT-ADM-002-C,AT-ADM-002-V,Administration & settings,"Separate destructive actions, state consequences, require explicit confirmation and current admin authentication where appropriate, and create a pre-action backup when technically safe. Cancel must leave data unchanged.","With valid authorized inputs, verify the documented outcome persists and survives restart: Separate destructive actions, state consequences, require explicit confirmation and current admin authentication where appropriate, and create a pre-action backup when technically safe. Cancel must leave data unchanged.","Inject the applicable invalid, duplicate, boundary, unavailable-resource or persistence failure; show an understandable error, never claim success, and verify no partial/incorrect state remains.",Invoke the protected operation and query/search/export projection as a role lacking the specific permission; expect denial/redaction and no data leakage or mutation.,"Attempt the relevant destructive/finalize/restore action, choose Cancel or fail re-authentication, then prove persisted data and audit outcome remain correct; operation must not proceed.","Review the real screen for responsive layout, scrolling, field validation, loading/empty/error states and correct persisted data; use Windows visual review where native behavior applies.",Service integration + Windows UI E2E,Phase 9,Not Run,,
AM-ADM-003,ADM-003,AT-ADM-003-P,AT-ADM-003-N,AT-ADM-003-A,AT-ADM-003-C,AT-ADM-003-V,Administration & settings,Show DCMS Pro product information and only the supplied creator name/email; make no unsupported corporate or professional claims.,"With valid authorized inputs, verify the documented outcome persists and survives restart: Show DCMS Pro product information and only the supplied creator name/email; make no unsupported corporate or professional claims.","Inject the applicable invalid, duplicate, boundary, unavailable-resource or persistence failure; show an understandable error, never claim success, and verify no partial/incorrect state remains.",Invoke the protected operation and query/search/export projection as a role lacking the specific permission; expect denial/redaction and no data leakage or mutation.,"Attempt the relevant destructive/finalize/restore action, choose Cancel or fail re-authentication, then prove persisted data and audit outcome remain correct; operation must not proceed.","Review the real screen for responsive layout, scrolling, field validation, loading/empty/error states and correct persisted data; use Windows visual review where native behavior applies.",Service integration + Windows UI E2E,Phase 4,Not Run,,
AM-SEC-001,SEC-001,AT-SEC-001-P,AT-SEC-001-N,AT-SEC-001-A,AT-SEC-001-C,AT-SEC-001-V,"Security, identity, RBAC & audit","Unique usernames; modern salted Argon2id password hashing; never store/log/display passwords or put them in configuration. Validate credentials, failed logins and session transitions.","With valid authorized inputs, verify the documented outcome persists and survives restart: Unique usernames; modern salted Argon2id password hashing; never store/log/display passwords or put them in configuration. Validate credentials, failed logins and session transitions.","Inject the applicable invalid, duplicate, boundary, unavailable-resource or persistence failure; show an understandable error, never claim success, and verify no partial/incorrect state remains.","Directly invoke the service/IPC with a missing, expired or insufficient session/permission; expect a safe denial and no protected data or state mutation.",N/A for this requirement; verify any action-specific cancel path in its linked workflow case.,N/A for a non-visual invariant; verify the linked UI/integration workflow does not imply unsupported behavior.,Rust unit + direct service/IPC authorization tests,Phase 3,Not Run,,
AM-SEC-002,SEC-002,AT-SEC-002-P,AT-SEC-002-N,AT-SEC-002-A,AT-SEC-002-C,AT-SEC-002-V,"Security, identity, RBAC & audit","Baseline Owner/Admin, Dentist, Receptionist, Assistant/Nurse, Accountant/Finance and Inventory/Store; administrators can configure additional roles and permissions. Staff profile and login account are separate and optional.","With valid authorized inputs, verify the documented outcome persists and survives restart: Baseline Owner/Admin, Dentist, Receptionist, Assistant/Nurse, Accountant/Finance and Inventory/Store; administrators can configure additional roles and permissions. Staff profile and login account are separate and optional.","Inject the applicable invalid, duplicate, boundary, unavailable-resource or persistence failure; show an understandable error, never claim success, and verify no partial/incorrect state remains.","Directly invoke the service/IPC with a missing, expired or insufficient session/permission; expect a safe denial and no protected data or state mutation.",N/A for this requirement; verify any action-specific cancel path in its linked workflow case.,N/A for a non-visual invariant; verify the linked UI/integration workflow does not imply unsupported behavior.,Rust unit + direct service/IPC authorization tests,Phase 3,Not Run,,
AM-SEC-003,SEC-003,AT-SEC-003-P,AT-SEC-003-N,AT-SEC-003-A,AT-SEC-003-C,AT-SEC-003-V,"Security, identity, RBAC & audit","Independently govern view/create/edit/delete/void/finalize/export/print and destructive operations by module/entity; include patients, demographics/sensitive history, visits, dental chart, prescriptions, appointments, queue, treatments, invoices, payment entry/history/analytics, inventory, accounting, reports, staff/PII/salary, users/roles, backup, restore, settings, audit, search and notifications.","With valid authorized inputs, verify the documented outcome persists and survives restart: Independently govern view/create/edit/delete/void/finalize/export/print and destructive operations by module/entity; include patients, demographics/sensitive history, visits, dental chart, prescriptions, appointments, queue, treatments, invoices, payment entry/history/analytics, inventory, accounting, reports, staff/PII/salary, users/roles, backup, restore, settings, audit, search and notifications.","Inject the applicable invalid, duplicate, boundary, unavailable-resource or persistence failure; show an understandable error, never claim success, and verify no partial/incorrect state remains.","Directly invoke the service/IPC with a missing, expired or insufficient session/permission; expect a safe denial and no protected data or state mutation.",N/A for this requirement; verify any action-specific cancel path in its linked workflow case.,N/A for a non-visual invariant; verify the linked UI/integration workflow does not imply unsupported behavior.,Rust unit + direct service/IPC authorization tests,Phase 3,Not Run,,
AM-SEC-004,SEC-004,AT-SEC-004-P,AT-SEC-004-N,AT-SEC-004-A,AT-SEC-004-C,AT-SEC-004-V,"Security, identity, RBAC & audit","Every privileged Rust use case and every result/search query verifies the authenticated session and permission. Financial permission is independent from invoice/payment entry; restricted financial totals, balances, reports and search previews are not returned to unauthorized clients. Hiding UI controls is never the enforcement boundary.","With valid authorized inputs, verify the documented outcome persists and survives restart: Every privileged Rust use case and every result/search query verifies the authenticated session and permission. Financial permission is independent from invoice/payment entry; restricted financial totals, balances, reports and search previews are not returned to unauthorized clients. Hiding UI controls is never the enforcement boundary.","Inject the applicable invalid, duplicate, boundary, unavailable-resource or persistence failure; show an understandable error, never claim success, and verify no partial/incorrect state remains.","Directly invoke the service/IPC with a missing, expired or insufficient session/permission; expect a safe denial and no protected data or state mutation.",N/A for this requirement; verify any action-specific cancel path in its linked workflow case.,N/A for a non-visual invariant; verify the linked UI/integration workflow does not imply unsupported behavior.,Rust unit + direct service/IPC authorization tests,Phase 3,Not Run,,
AM-SEC-005,SEC-005,AT-SEC-005-P,AT-SEC-005-N,AT-SEC-005-A,AT-SEC-005-C,AT-SEC-005-V,"Security, identity, RBAC & audit","Administrator-configurable 5/10/15/30-minute inactivity timeout, lock screen hides protected data, re-authentication required. Warn or preserve drafts before lock; never silently discard unsaved work.","With valid authorized inputs, verify the documented outcome persists and survives restart: Administrator-configurable 5/10/15/30-minute inactivity timeout, lock screen hides protected data, re-authentication required. Warn or preserve drafts before lock; never silently discard unsaved work.","Inject the applicable invalid, duplicate, boundary, unavailable-resource or persistence failure; show an understandable error, never claim success, and verify no partial/incorrect state remains.","Directly invoke the service/IPC with a missing, expired or insufficient session/permission; expect a safe denial and no protected data or state mutation.",N/A for this requirement; verify any action-specific cancel path in its linked workflow case.,N/A for a non-visual invariant; verify the linked UI/integration workflow does not imply unsupported behavior.,Rust unit + direct service/IPC authorization tests,Phase 3,Not Run,,
AM-SEC-006,SEC-006,AT-SEC-006-P,AT-SEC-006-N,AT-SEC-006-A,AT-SEC-006-C,AT-SEC-006-V,"Security, identity, RBAC & audit","Record timestamp, user, action, entity/type/id, outcome, safe summary and suitable metadata for login/logout/failures, patient and clinical changes, prescriptions, invoice/payment, inventory/accounting, staff/users/roles, backup/restore, destructive and settings/security actions. No secret or unnecessary clinical detail in logs.","With valid authorized inputs, verify the documented outcome persists and survives restart: Record timestamp, user, action, entity/type/id, outcome, safe summary and suitable metadata for login/logout/failures, patient and clinical changes, prescriptions, invoice/payment, inventory/accounting, staff/users/roles, backup/restore, destructive and settings/security actions. No secret or unnecessary clinical detail in logs.","Inject the applicable invalid, duplicate, boundary, unavailable-resource or persistence failure; show an understandable error, never claim success, and verify no partial/incorrect state remains.","Directly invoke the service/IPC with a missing, expired or insufficient session/permission; expect a safe denial and no protected data or state mutation.",N/A for this requirement; verify any action-specific cancel path in its linked workflow case.,N/A for a non-visual invariant; verify the linked UI/integration workflow does not imply unsupported behavior.,Rust unit + direct service/IPC authorization tests,Phase 3,Not Run,,
AM-SEC-007,SEC-007,AT-SEC-007-P,AT-SEC-007-N,AT-SEC-007-A,AT-SEC-007-C,AT-SEC-007-V,"Security, identity, RBAC & audit","Audit access is permission-gated and user-facing edits/deletes are disabled or tightly restricted. Make ordinary-user tampering evident (append-only application path and, if technically sound, chained integrity hashes); explicitly do not promise forensic protection from a local OS administrator or binary/database owner.","With valid authorized inputs, verify the documented outcome persists and survives restart: Audit access is permission-gated and user-facing edits/deletes are disabled or tightly restricted. Make ordinary-user tampering evident (append-only application path and, if technically sound, chained integrity hashes); explicitly do not promise forensic protection from a local OS administrator or binary/database owner.","Inject the applicable invalid, duplicate, boundary, unavailable-resource or persistence failure; show an understandable error, never claim success, and verify no partial/incorrect state remains.","Directly invoke the service/IPC with a missing, expired or insufficient session/permission; expect a safe denial and no protected data or state mutation.",N/A for this requirement; verify any action-specific cancel path in its linked workflow case.,N/A for a non-visual invariant; verify the linked UI/integration workflow does not imply unsupported behavior.,Rust unit + direct service/IPC authorization tests,Phase 3,Not Run,,
AM-SEC-008,SEC-008,AT-SEC-008-P,AT-SEC-008-N,AT-SEC-008-A,AT-SEC-008-C,AT-SEC-008-V,"Security, identity, RBAC & audit",Protect application data directories using Windows user-scoped storage/ACLs and a vetted at-rest encryption/key protection design. Clearly document the local administrator/malware threat boundary and recovery-key consequences. No plaintext test accounts or development bypasses in release builds.,"With valid authorized inputs, verify the documented outcome persists and survives restart: Protect application data directories using Windows user-scoped storage/ACLs and a vetted at-rest encryption/key protection design. Clearly document the local administrator/malware threat boundary and recovery-key consequences. No plaintext test accounts or development bypasses in release builds.","Inject the applicable invalid, duplicate, boundary, unavailable-resource or persistence failure; show an understandable error, never claim success, and verify no partial/incorrect state remains.","Directly invoke the service/IPC with a missing, expired or insufficient session/permission; expect a safe denial and no protected data or state mutation.",N/A for this requirement; verify any action-specific cancel path in its linked workflow case.,N/A for a non-visual invariant; verify the linked UI/integration workflow does not imply unsupported behavior.,Rust unit + direct service/IPC authorization tests,Phase 3,Not Run,,
AM-SEC-009,SEC-009,AT-SEC-009-P,AT-SEC-009-N,AT-SEC-009-A,AT-SEC-009-C,AT-SEC-009-V,"Security, identity, RBAC & audit","Parameterize SQL, validate server-side, sanitize app-managed file names/paths, reject path traversal/reparse-point escapes, validate imported/backup content, and never trust frontend state for authorization or values.","With valid authorized inputs, verify the documented outcome persists and survives restart: Parameterize SQL, validate server-side, sanitize app-managed file names/paths, reject path traversal/reparse-point escapes, validate imported/backup content, and never trust frontend state for authorization or values.","Inject the applicable invalid, duplicate, boundary, unavailable-resource or persistence failure; show an understandable error, never claim success, and verify no partial/incorrect state remains.","Directly invoke the service/IPC with a missing, expired or insufficient session/permission; expect a safe denial and no protected data or state mutation.",N/A for this requirement; verify any action-specific cancel path in its linked workflow case.,N/A for a non-visual invariant; verify the linked UI/integration workflow does not imply unsupported behavior.,Rust unit + direct service/IPC authorization tests,Phase 3,Not Run,,
AM-SEC-010,SEC-010,AT-SEC-010-P,AT-SEC-010-N,AT-SEC-010-A,AT-SEC-010-C,AT-SEC-010-V,"Security, identity, RBAC & audit","Tauri capability allowlists are narrow, no general frontend SQL command, no broad shell execution, no renderer Node privileges, no remote code or remote origin requirement, and no unnecessary filesystem scope.","With valid authorized inputs, verify the documented outcome persists and survives restart: Tauri capability allowlists are narrow, no general frontend SQL command, no broad shell execution, no renderer Node privileges, no remote code or remote origin requirement, and no unnecessary filesystem scope.","Inject the applicable invalid, duplicate, boundary, unavailable-resource or persistence failure; show an understandable error, never claim success, and verify no partial/incorrect state remains.","Directly invoke the service/IPC with a missing, expired or insufficient session/permission; expect a safe denial and no protected data or state mutation.",N/A for this requirement; verify any action-specific cancel path in its linked workflow case.,N/A for a non-visual invariant; verify the linked UI/integration workflow does not imply unsupported behavior.,Rust unit + direct service/IPC authorization tests,Phase 3,Not Run,,
AM-PAT-001,PAT-001,AT-PAT-001-P,AT-PAT-001-N,AT-PAT-001-A,AT-PAT-001-C,AT-PAT-001-V,Patient management,"Capture configurable unique patient code, full name, age/date of birth appropriately, gender, blood group where appropriate, address, phone, emergency contact, presenting/previous problems, allergies, relevant medical/dental history, notes, preferred language, referral source and registration date. Keep sensitive fields purpose-limited and permissioned.","With valid authorized inputs, verify the documented outcome persists and survives restart: Capture configurable unique patient code, full name, age/date of birth appropriately, gender, blood group where appropriate, address, phone, emergency contact, presenting/previous problems, allergies, relevant medical/dental history, notes, preferred language, referral source and registration date. Keep sensitive fields purpose-limited and permissioned.","Inject the applicable invalid, duplicate, boundary, unavailable-resource or persistence failure; show an understandable error, never claim success, and verify no partial/incorrect state remains.",Invoke the protected operation and query/search/export projection as a role lacking the specific permission; expect denial/redaction and no data leakage or mutation.,"Attempt the relevant destructive/finalize/restore action, choose Cancel or fail re-authentication, then prove persisted data and audit outcome remain correct; operation must not proceed.","Review the real screen for responsive layout, scrolling, field validation, loading/empty/error states and correct persisted data; use Windows visual review where native behavior applies.",Rust DB integration + Windows E2E + unauthorized service tests,Phase 5,Not Run,,
AM-PAT-002,PAT-002,AT-PAT-002-P,AT-PAT-002-N,AT-PAT-002-A,AT-PAT-002-C,AT-PAT-002-V,Patient management,"Newest registrations first by default; indexed/debounced search, sorting and real filters by code, name, phone, address, date range (Today, 7/30/90 days, 1 year, custom), status and useful dentist criteria; paginated/virtualized without a fixed record cap.","With valid authorized inputs, verify the documented outcome persists and survives restart: Newest registrations first by default; indexed/debounced search, sorting and real filters by code, name, phone, address, date range (Today, 7/30/90 days, 1 year, custom), status and useful dentist criteria; paginated/virtualized without a fixed record cap.","Inject the applicable invalid, duplicate, boundary, unavailable-resource or persistence failure; show an understandable error, never claim success, and verify no partial/incorrect state remains.",Invoke the protected operation and query/search/export projection as a role lacking the specific permission; expect denial/redaction and no data leakage or mutation.,"Attempt the relevant destructive/finalize/restore action, choose Cancel or fail re-authentication, then prove persisted data and audit outcome remain correct; operation must not proceed.","Review the real screen for responsive layout, scrolling, field validation, loading/empty/error states and correct persisted data; use Windows visual review where native behavior applies.",Rust DB integration + Windows E2E + unauthorized service tests,Phase 5,Not Run,,
AM-PAT-003,PAT-003,AT-PAT-003-P,AT-PAT-003-N,AT-PAT-003-A,AT-PAT-003-C,AT-PAT-003-V,Patient management,"Unlimited visits, appointments, prescriptions, treatment records, invoices, payments, attachments, referrals, timeline events and dental chart history subject to device/database capacity.","With valid authorized inputs, verify the documented outcome persists and survives restart: Unlimited visits, appointments, prescriptions, treatment records, invoices, payments, attachments, referrals, timeline events and dental chart history subject to device/database capacity.","Inject the applicable invalid, duplicate, boundary, unavailable-resource or persistence failure; show an understandable error, never claim success, and verify no partial/incorrect state remains.",Invoke the protected operation and query/search/export projection as a role lacking the specific permission; expect denial/redaction and no data leakage or mutation.,"Attempt the relevant destructive/finalize/restore action, choose Cancel or fail re-authentication, then prove persisted data and audit outcome remain correct; operation must not proceed.","Review the real screen for responsive layout, scrolling, field validation, loading/empty/error states and correct persisted data; use Windows visual review where native behavior applies.",Rust DB integration + Windows E2E + unauthorized service tests,Phase 5,Not Run,,
AM-PAT-004,PAT-004,AT-PAT-004-P,AT-PAT-004-N,AT-PAT-004-A,AT-PAT-004-C,AT-PAT-004-V,Patient management,"Show visit count, latest visit, upcoming appointment, recent activity, timeline, demographics/contact, medical/dental history/allergies, appointments, visits, treatments, prescriptions, referrals, attachments and dental-chart history.","With valid authorized inputs, verify the documented outcome persists and survives restart: Show visit count, latest visit, upcoming appointment, recent activity, timeline, demographics/contact, medical/dental history/allergies, appointments, visits, treatments, prescriptions, referrals, attachments and dental-chart history.","Inject the applicable invalid, duplicate, boundary, unavailable-resource or persistence failure; show an understandable error, never claim success, and verify no partial/incorrect state remains.",Invoke the protected operation and query/search/export projection as a role lacking the specific permission; expect denial/redaction and no data leakage or mutation.,"Attempt the relevant destructive/finalize/restore action, choose Cancel or fail re-authentication, then prove persisted data and audit outcome remain correct; operation must not proceed.","Review the real screen for responsive layout, scrolling, field validation, loading/empty/error states and correct persisted data; use Windows visual review where native behavior applies.",Rust DB integration + Windows E2E + unauthorized service tests,Phase 5,Not Run,,
AM-PAT-005,PAT-005,AT-PAT-005-P,AT-PAT-005-N,AT-PAT-005-A,AT-PAT-005-C,AT-PAT-005-V,Patient management,"Show invoice total, amount paid, outstanding amount and payment history only to users with the appropriate independent financial permission. Clinical/patient permission alone does not imply financial access.","With valid authorized inputs, verify the documented outcome persists and survives restart: Show invoice total, amount paid, outstanding amount and payment history only to users with the appropriate independent financial permission. Clinical/patient permission alone does not imply financial access.","Inject the applicable invalid, duplicate, boundary, unavailable-resource or persistence failure; show an understandable error, never claim success, and verify no partial/incorrect state remains.",Invoke the protected operation and query/search/export projection as a role lacking the specific permission; expect denial/redaction and no data leakage or mutation.,"Attempt the relevant destructive/finalize/restore action, choose Cancel or fail re-authentication, then prove persisted data and audit outcome remain correct; operation must not proceed.","Review the real screen for responsive layout, scrolling, field validation, loading/empty/error states and correct persisted data; use Windows visual review where native behavior applies.",Rust DB integration + Windows E2E + unauthorized service tests,Phase 5,Not Run,,
AM-PAT-006,PAT-006,AT-PAT-006-P,AT-PAT-006-N,AT-PAT-006-A,AT-PAT-006-C,AT-PAT-006-V,Patient management,"From the profile, authorized users can create a visit, appointment, prescription, invoice, payment, referral, attachment and note with patient identity carried safely into the real workflow.","With valid authorized inputs, verify the documented outcome persists and survives restart: From the profile, authorized users can create a visit, appointment, prescription, invoice, payment, referral, attachment and note with patient identity carried safely into the real workflow.","Inject the applicable invalid, duplicate, boundary, unavailable-resource or persistence failure; show an understandable error, never claim success, and verify no partial/incorrect state remains.",Invoke the protected operation and query/search/export projection as a role lacking the specific permission; expect denial/redaction and no data leakage or mutation.,"Attempt the relevant destructive/finalize/restore action, choose Cancel or fail re-authentication, then prove persisted data and audit outcome remain correct; operation must not proceed.","Review the real screen for responsive layout, scrolling, field validation, loading/empty/error states and correct persisted data; use Windows visual review where native behavior applies.",Rust DB integration + Windows E2E + unauthorized service tests,Phase 5,Not Run,,
AM-PAT-007,PAT-007,AT-PAT-007-P,AT-PAT-007-N,AT-PAT-007-A,AT-PAT-007-C,AT-PAT-007-V,Patient management,Patient deactivation/soft deletion and corrections retain dependent clinical/financial history and audit trail. No uncontrolled cascade deletes or silent history overwrite.,"With valid authorized inputs, verify the documented outcome persists and survives restart: Patient deactivation/soft deletion and corrections retain dependent clinical/financial history and audit trail. No uncontrolled cascade deletes or silent history overwrite.","Inject the applicable invalid, duplicate, boundary, unavailable-resource or persistence failure; show an understandable error, never claim success, and verify no partial/incorrect state remains.",Invoke the protected operation and query/search/export projection as a role lacking the specific permission; expect denial/redaction and no data leakage or mutation.,"Attempt the relevant destructive/finalize/restore action, choose Cancel or fail re-authentication, then prove persisted data and audit outcome remain correct; operation must not proceed.","Review the real screen for responsive layout, scrolling, field validation, loading/empty/error states and correct persisted data; use Windows visual review where native behavior applies.",Rust DB integration + Windows E2E + unauthorized service tests,Phase 5,Not Run,,
AM-CLN-001,CLN-001,AT-CLN-001-P,AT-CLN-001-N,AT-CLN-001-A,AT-CLN-001-C,AT-CLN-001-V,Clinical records & timeline,"A visit is not an appointment. Persist patient, clinician, timestamp, reason/complaint, examination, assessment/diagnosis, chart findings, procedures/treatments, anesthesia/material details when entered, prescription, advice/follow-up, referral and attachments as applicable.","With valid authorized inputs, verify the documented outcome persists and survives restart: A visit is not an appointment. Persist patient, clinician, timestamp, reason/complaint, examination, assessment/diagnosis, chart findings, procedures/treatments, anesthesia/material details when entered, prescription, advice/follow-up, referral and attachments as applicable.","Inject the applicable invalid, duplicate, boundary, unavailable-resource or persistence failure; show an understandable error, never claim success, and verify no partial/incorrect state remains.",Invoke the protected operation and query/search/export projection as a role lacking the specific permission; expect denial/redaction and no data leakage or mutation.,"Attempt the relevant destructive/finalize/restore action, choose Cancel or fail re-authentication, then prove persisted data and audit outcome remain correct; operation must not proceed.","Review the real screen for responsive layout, scrolling, field validation, loading/empty/error states and correct persisted data; use Windows visual review where native behavior applies.",Rust unit/DB integration + clinical E2E,Phase 5,Not Run,,
AM-CLN-002,CLN-002,AT-CLN-002-P,AT-CLN-002-N,AT-CLN-002-A,AT-CLN-002-C,AT-CLN-002-V,Clinical records & timeline,"C/C, O/E and R/E/advice offer optional configurable choices plus free-form notes. Custom clinician text is never forced into the vocabulary; no diagnosis is mandatory merely because an option exists.","With valid authorized inputs, verify the documented outcome persists and survives restart: C/C, O/E and R/E/advice offer optional configurable choices plus free-form notes. Custom clinician text is never forced into the vocabulary; no diagnosis is mandatory merely because an option exists.","Inject the applicable invalid, duplicate, boundary, unavailable-resource or persistence failure; show an understandable error, never claim success, and verify no partial/incorrect state remains.",Invoke the protected operation and query/search/export projection as a role lacking the specific permission; expect denial/redaction and no data leakage or mutation.,"Attempt the relevant destructive/finalize/restore action, choose Cancel or fail re-authentication, then prove persisted data and audit outcome remain correct; operation must not proceed.","Review the real screen for responsive layout, scrolling, field validation, loading/empty/error states and correct persisted data; use Windows visual review where native behavior applies.",Rust unit/DB integration + clinical E2E,Phase 5,Not Run,,
AM-CLN-003,CLN-003,AT-CLN-003-P,AT-CLN-003-N,AT-CLN-003-A,AT-CLN-003-C,AT-CLN-003-V,Clinical records & timeline,"Authorized users configure and version visit, complaint, examination, advice and prescription template content. Editing a template never changes previously saved records.","With valid authorized inputs, verify the documented outcome persists and survives restart: Authorized users configure and version visit, complaint, examination, advice and prescription template content. Editing a template never changes previously saved records.","Inject the applicable invalid, duplicate, boundary, unavailable-resource or persistence failure; show an understandable error, never claim success, and verify no partial/incorrect state remains.",Invoke the protected operation and query/search/export projection as a role lacking the specific permission; expect denial/redaction and no data leakage or mutation.,"Attempt the relevant destructive/finalize/restore action, choose Cancel or fail re-authentication, then prove persisted data and audit outcome remain correct; operation must not proceed.","Review the real screen for responsive layout, scrolling, field validation, loading/empty/error states and correct persisted data; use Windows visual review where native behavior applies.",Rust unit/DB integration + clinical E2E,Phase 5,Not Run,,
AM-CLN-004,CLN-004,AT-CLN-004-P,AT-CLN-004-N,AT-CLN-004-A,AT-CLN-004-C,AT-CLN-004-V,Clinical records & timeline,"Historical clinical records are preserved. Corrections/addenda require permission, reason and audit; finalized records are not silently replaced.","With valid authorized inputs, verify the documented outcome persists and survives restart: Historical clinical records are preserved. Corrections/addenda require permission, reason and audit; finalized records are not silently replaced.","Inject the applicable invalid, duplicate, boundary, unavailable-resource or persistence failure; show an understandable error, never claim success, and verify no partial/incorrect state remains.",Invoke the protected operation and query/search/export projection as a role lacking the specific permission; expect denial/redaction and no data leakage or mutation.,"Attempt the relevant destructive/finalize/restore action, choose Cancel or fail re-authentication, then prove persisted data and audit outcome remain correct; operation must not proceed.","Review the real screen for responsive layout, scrolling, field validation, loading/empty/error states and correct persisted data; use Windows visual review where native behavior applies.",Rust unit/DB integration + clinical E2E,Phase 5,Not Run,,
AM-CLN-005,CLN-005,AT-CLN-005-P,AT-CLN-005-N,AT-CLN-005-A,AT-CLN-005-C,AT-CLN-005-V,Clinical records & timeline,"Chronological timeline reflects actual registration, appointment lifecycle, visit, observation, chart/treatment, prescription, referral, invoice/payment when permitted, attachment, note and follow-up events. Events record timestamp, actor, dentist/source where relevant, and metadata; timeline is filterable and never fabricated.","With valid authorized inputs, verify the documented outcome persists and survives restart: Chronological timeline reflects actual registration, appointment lifecycle, visit, observation, chart/treatment, prescription, referral, invoice/payment when permitted, attachment, note and follow-up events. Events record timestamp, actor, dentist/source where relevant, and metadata; timeline is filterable and never fabricated.","Inject the applicable invalid, duplicate, boundary, unavailable-resource or persistence failure; show an understandable error, never claim success, and verify no partial/incorrect state remains.",Invoke the protected operation and query/search/export projection as a role lacking the specific permission; expect denial/redaction and no data leakage or mutation.,"Attempt the relevant destructive/finalize/restore action, choose Cancel or fail re-authentication, then prove persisted data and audit outcome remain correct; operation must not proceed.","Review the real screen for responsive layout, scrolling, field validation, loading/empty/error states and correct persisted data; use Windows visual review where native behavior applies.",Rust unit/DB integration + clinical E2E,Phase 5,Not Run,,
AM-DENT-001,DENT-001,AT-DENT-001-P,AT-DENT-001-N,AT-DENT-001-A,AT-DENT-001-C,AT-DENT-001-V,Dental chart,Accessible visual and keyboard selection for all 32 adult teeth and 20 primary teeth using standard FDI numbering; visibly differentiate adult and pediatric charts.,"With valid authorized inputs, verify the documented outcome persists and survives restart: Accessible visual and keyboard selection for all 32 adult teeth and 20 primary teeth using standard FDI numbering; visibly differentiate adult and pediatric charts.","Inject the applicable invalid, duplicate, boundary, unavailable-resource or persistence failure; show an understandable error, never claim success, and verify no partial/incorrect state remains.",Invoke the protected operation and query/search/export projection as a role lacking the specific permission; expect denial/redaction and no data leakage or mutation.,"Attempt the relevant destructive/finalize/restore action, choose Cancel or fail re-authentication, then prove persisted data and audit outcome remain correct; operation must not proceed.","Review the real screen for responsive layout, scrolling, field validation, loading/empty/error states and correct persisted data; use Windows visual review where native behavior applies.",Domain unit + DB history + visual/accessibility tests,Phase 5,Not Run,,
AM-DENT-002,DENT-002,AT-DENT-002-P,AT-DENT-002-N,AT-DENT-002-A,AT-DENT-002-C,AT-DENT-002-V,Dental chart,"Support healthy, caries, restored, missing, extracted, root-canal treated, crown, bridge, implant, impacted, fractured, mobility, periodontal involvement and configurable additional conditions. Where applicable support mesial, distal, occlusal/incisal, buccal/facial, lingual/palatal surfaces and one/multiple teeth.","With valid authorized inputs, verify the documented outcome persists and survives restart: Support healthy, caries, restored, missing, extracted, root-canal treated, crown, bridge, implant, impacted, fractured, mobility, periodontal involvement and configurable additional conditions. Where applicable support mesial, distal, occlusal/incisal, buccal/facial, lingual/palatal surfaces and one/multiple teeth.","Inject the applicable invalid, duplicate, boundary, unavailable-resource or persistence failure; show an understandable error, never claim success, and verify no partial/incorrect state remains.",Invoke the protected operation and query/search/export projection as a role lacking the specific permission; expect denial/redaction and no data leakage or mutation.,"Attempt the relevant destructive/finalize/restore action, choose Cancel or fail re-authentication, then prove persisted data and audit outcome remain correct; operation must not proceed.","Review the real screen for responsive layout, scrolling, field validation, loading/empty/error states and correct persisted data; use Windows visual review where native behavior applies.",Domain unit + DB history + visual/accessibility tests,Phase 5,Not Run,,
AM-DENT-003,DENT-003,AT-DENT-003-P,AT-DENT-003-N,AT-DENT-003-A,AT-DENT-003-C,AT-DENT-003-V,Dental chart,Store chart observations/conditions against visit/time so later changes do not destroy prior state. Clinicians document findings/treatments; include/print the configured view without chart clipping on smaller layouts.,"With valid authorized inputs, verify the documented outcome persists and survives restart: Store chart observations/conditions against visit/time so later changes do not destroy prior state. Clinicians document findings/treatments; include/print the configured view without chart clipping on smaller layouts.","Inject the applicable invalid, duplicate, boundary, unavailable-resource or persistence failure; show an understandable error, never claim success, and verify no partial/incorrect state remains.",Invoke the protected operation and query/search/export projection as a role lacking the specific permission; expect denial/redaction and no data leakage or mutation.,"Attempt the relevant destructive/finalize/restore action, choose Cancel or fail re-authentication, then prove persisted data and audit outcome remain correct; operation must not proceed.","Review the real screen for responsive layout, scrolling, field validation, loading/empty/error states and correct persisted data; use Windows visual review where native behavior applies.",Domain unit + DB history + visual/accessibility tests,Phase 5,Not Run,,
AM-TX-001,TX-001,AT-TX-001-P,AT-TX-001-N,AT-TX-001-A,AT-TX-001-C,AT-TX-001-V,Treatment catalog & records,Code/name/category/description/standard fee/duration/tax-or-discount behavior/active state and configurable custom entries. Editing a catalog fee never changes a historical service or invoice snapshot.,"With valid authorized inputs, verify the documented outcome persists and survives restart: Code/name/category/description/standard fee/duration/tax-or-discount behavior/active state and configurable custom entries. Editing a catalog fee never changes a historical service or invoice snapshot.","Inject the applicable invalid, duplicate, boundary, unavailable-resource or persistence failure; show an understandable error, never claim success, and verify no partial/incorrect state remains.",Invoke the protected operation and query/search/export projection as a role lacking the specific permission; expect denial/redaction and no data leakage or mutation.,N/A for this requirement; verify any action-specific cancel path in its linked workflow case.,N/A for a non-visual invariant; verify the linked UI/integration workflow does not imply unsupported behavior.,Rust calculation/DB integration + financial regression,Phase 5,Not Run,,
AM-TX-002,TX-002,AT-TX-002-P,AT-TX-002-N,AT-TX-002-A,AT-TX-002-C,AT-TX-002-V,Treatment catalog & records,"Preserve links to patient, visit, clinician, treatment and invoice where applicable; transactions are atomic and audit controlled historical edits.","With valid authorized inputs, verify the documented outcome persists and survives restart: Preserve links to patient, visit, clinician, treatment and invoice where applicable; transactions are atomic and audit controlled historical edits.","Inject the applicable invalid, duplicate, boundary, unavailable-resource or persistence failure; show an understandable error, never claim success, and verify no partial/incorrect state remains.",Invoke the protected operation and query/search/export projection as a role lacking the specific permission; expect denial/redaction and no data leakage or mutation.,N/A for this requirement; verify any action-specific cancel path in its linked workflow case.,N/A for a non-visual invariant; verify the linked UI/integration workflow does not imply unsupported behavior.,Rust calculation/DB integration + financial regression,Phase 5,Not Run,,
AM-FILE-001,FILE-001,AT-FILE-001-P,AT-FILE-001-N,AT-FILE-001-A,AT-FILE-001-C,AT-FILE-001-V,Attachments & referrals,"A real Windows file picker selects/copies an allowed file into app-managed storage; validate existence/type/size, preserve original source, safely preview supported files, provide a clear external-open path for unsupported types, handle missing files, and delete only with permission and audit. Store opaque safe identifiers/metadata, never trust arbitrary source paths as storage locations.","With valid authorized inputs, verify the documented outcome persists and survives restart: A real Windows file picker selects/copies an allowed file into app-managed storage; validate existence/type/size, preserve original source, safely preview supported files, provide a clear external-open path for unsupported types, handle missing files, and delete only with permission and audit. Store opaque safe identifiers/metadata, never trust arbitrary source paths as storage locations.","Inject the applicable invalid, duplicate, boundary, unavailable-resource or persistence failure; show an understandable error, never claim success, and verify no partial/incorrect state remains.",Invoke the protected operation and query/search/export projection as a role lacking the specific permission; expect denial/redaction and no data leakage or mutation.,N/A for this requirement; verify any action-specific cancel path in its linked workflow case.,N/A for a non-visual invariant; verify the linked UI/integration workflow does not imply unsupported behavior.,Rust file-security integration + Windows picker E2E,Phase 5,Not Run,,
AM-FILE-002,FILE-002,AT-FILE-002-P,AT-FILE-002-N,AT-FILE-002-A,AT-FILE-002-C,AT-FILE-002-V,Attachments & referrals,"Record patient, source/recipient, clinician, date, reason/instructions and follow-up; show as a genuine timeline/profile event and preserve history.","With valid authorized inputs, verify the documented outcome persists and survives restart: Record patient, source/recipient, clinician, date, reason/instructions and follow-up; show as a genuine timeline/profile event and preserve history.","Inject the applicable invalid, duplicate, boundary, unavailable-resource or persistence failure; show an understandable error, never claim success, and verify no partial/incorrect state remains.",Invoke the protected operation and query/search/export projection as a role lacking the specific permission; expect denial/redaction and no data leakage or mutation.,N/A for this requirement; verify any action-specific cancel path in its linked workflow case.,N/A for a non-visual invariant; verify the linked UI/integration workflow does not imply unsupported behavior.,Rust file-security integration + Windows picker E2E,Phase 5,Not Run,,
AM-APT-001,APT-001,AT-APT-001-P,AT-APT-001-N,AT-APT-001-A,AT-APT-001-C,AT-APT-001-V,Appointments,"Patient, dentist, start/end/duration, reason/type, status, notes, source and create/update metadata; default appointment statuses include scheduled, confirmed, arrived, in queue, in progress, completed, cancelled, rescheduled and no-show.","With valid authorized inputs, verify the documented outcome persists and survives restart: Patient, dentist, start/end/duration, reason/type, status, notes, source and create/update metadata; default appointment statuses include scheduled, confirmed, arrived, in queue, in progress, completed, cancelled, rescheduled and no-show.","Inject the applicable invalid, duplicate, boundary, unavailable-resource or persistence failure; show an understandable error, never claim success, and verify no partial/incorrect state remains.",Invoke the protected operation and query/search/export projection as a role lacking the specific permission; expect denial/redaction and no data leakage or mutation.,"Attempt the relevant destructive/finalize/restore action, choose Cancel or fail re-authentication, then prove persisted data and audit outcome remain correct; operation must not proceed.","Review the real screen for responsive layout, scrolling, field validation, loading/empty/error states and correct persisted data; use Windows visual review where native behavior applies.",Rust transition unit/DB integration + Windows E2E,Phase 6,Not Run,,
AM-APT-002,APT-002,AT-APT-002-P,AT-APT-002-N,AT-APT-002-A,AT-APT-002-C,AT-APT-002-V,Appointments,"Real day/week/month and list views with date, dentist, status, patient and appointment-type filters; sorting/date controls change displayed records.","With valid authorized inputs, verify the documented outcome persists and survives restart: Real day/week/month and list views with date, dentist, status, patient and appointment-type filters; sorting/date controls change displayed records.","Inject the applicable invalid, duplicate, boundary, unavailable-resource or persistence failure; show an understandable error, never claim success, and verify no partial/incorrect state remains.",Invoke the protected operation and query/search/export projection as a role lacking the specific permission; expect denial/redaction and no data leakage or mutation.,"Attempt the relevant destructive/finalize/restore action, choose Cancel or fail re-authentication, then prove persisted data and audit outcome remain correct; operation must not proceed.","Review the real screen for responsive layout, scrolling, field validation, loading/empty/error states and correct persisted data; use Windows visual review where native behavior applies.",Rust transition unit/DB integration + Windows E2E,Phase 6,Not Run,,
AM-APT-003,APT-003,AT-APT-003-P,AT-APT-003-N,AT-APT-003-A,AT-APT-003-C,AT-APT-003-V,Appointments,Create from appointment screen or patient context. Record arrival/completion/no-show/cancel; rescheduling preserves old time/status history; cancellation/no-show are explicit and audited.,"With valid authorized inputs, verify the documented outcome persists and survives restart: Create from appointment screen or patient context. Record arrival/completion/no-show/cancel; rescheduling preserves old time/status history; cancellation/no-show are explicit and audited.","Inject the applicable invalid, duplicate, boundary, unavailable-resource or persistence failure; show an understandable error, never claim success, and verify no partial/incorrect state remains.",Invoke the protected operation and query/search/export projection as a role lacking the specific permission; expect denial/redaction and no data leakage or mutation.,"Attempt the relevant destructive/finalize/restore action, choose Cancel or fail re-authentication, then prove persisted data and audit outcome remain correct; operation must not proceed.","Review the real screen for responsive layout, scrolling, field validation, loading/empty/error states and correct persisted data; use Windows visual review where native behavior applies.",Rust transition unit/DB integration + Windows E2E,Phase 6,Not Run,,
AM-APT-004,APT-004,AT-APT-004-P,AT-APT-004-N,AT-APT-004-A,AT-APT-004-C,AT-APT-004-V,Appointments,Use dentist working schedule and configurable duration/appointment rules; detect overlapping assignments and clearly warn or block per clinic policy. Any permitted override is authorized and audited; never silently double-book.,"With valid authorized inputs, verify the documented outcome persists and survives restart: Use dentist working schedule and configurable duration/appointment rules; detect overlapping assignments and clearly warn or block per clinic policy. Any permitted override is authorized and audited; never silently double-book.","Inject the applicable invalid, duplicate, boundary, unavailable-resource or persistence failure; show an understandable error, never claim success, and verify no partial/incorrect state remains.",Invoke the protected operation and query/search/export projection as a role lacking the specific permission; expect denial/redaction and no data leakage or mutation.,"Attempt the relevant destructive/finalize/restore action, choose Cancel or fail re-authentication, then prove persisted data and audit outcome remain correct; operation must not proceed.","Review the real screen for responsive layout, scrolling, field validation, loading/empty/error states and correct persisted data; use Windows visual review where native behavior applies.",Rust transition unit/DB integration + Windows E2E,Phase 6,Not Run,,
AM-QUEUE-001,QUEUE-001,AT-QUEUE-001-P,AT-QUEUE-001-N,AT-QUEUE-001-A,AT-QUEUE-001-C,AT-QUEUE-001-V,Queue management,"Show today's arrived/waiting patients, appointment, arrival time, dentist, reason, priority where enabled, state and elapsed/estimated wait.","With valid authorized inputs, verify the documented outcome persists and survives restart: Show today's arrived/waiting patients, appointment, arrival time, dentist, reason, priority where enabled, state and elapsed/estimated wait.","Inject the applicable invalid, duplicate, boundary, unavailable-resource or persistence failure; show an understandable error, never claim success, and verify no partial/incorrect state remains.",Invoke the protected operation and query/search/export projection as a role lacking the specific permission; expect denial/redaction and no data leakage or mutation.,N/A for this requirement; verify any action-specific cancel path in its linked workflow case.,"Review the real screen for responsive layout, scrolling, field validation, loading/empty/error states and correct persisted data; use Windows visual review where native behavior applies.",State-transition/concurrency integration + reception E2E,Phase 6,Not Run,,
AM-QUEUE-002,QUEUE-002,AT-QUEUE-002-P,AT-QUEUE-002-N,AT-QUEUE-002-A,AT-QUEUE-002-C,AT-QUEUE-002-V,Queue management,"Authorized queue users can move through arrived, waiting, called, in treatment, completed, skipped and configured states with immediate persisted result, audit and keyboard-friendly workflow; avoid unnecessary dialogs.","With valid authorized inputs, verify the documented outcome persists and survives restart: Authorized queue users can move through arrived, waiting, called, in treatment, completed, skipped and configured states with immediate persisted result, audit and keyboard-friendly workflow; avoid unnecessary dialogs.","Inject the applicable invalid, duplicate, boundary, unavailable-resource or persistence failure; show an understandable error, never claim success, and verify no partial/incorrect state remains.",Invoke the protected operation and query/search/export projection as a role lacking the specific permission; expect denial/redaction and no data leakage or mutation.,N/A for this requirement; verify any action-specific cancel path in its linked workflow case.,"Review the real screen for responsive layout, scrolling, field validation, loading/empty/error states and correct persisted data; use Windows visual review where native behavior applies.",State-transition/concurrency integration + reception E2E,Phase 6,Not Run,,
AM-QUEUE-003,QUEUE-003,AT-QUEUE-003-P,AT-QUEUE-003-N,AT-QUEUE-003-A,AT-QUEUE-003-C,AT-QUEUE-003-V,Queue management,Derive queue state and waits from persisted timestamps and appointment/arrival transitions. Queue actions remain idempotent/safe under rapid repeated input.,"With valid authorized inputs, verify the documented outcome persists and survives restart: Derive queue state and waits from persisted timestamps and appointment/arrival transitions. Queue actions remain idempotent/safe under rapid repeated input.","Inject the applicable invalid, duplicate, boundary, unavailable-resource or persistence failure; show an understandable error, never claim success, and verify no partial/incorrect state remains.",Invoke the protected operation and query/search/export projection as a role lacking the specific permission; expect denial/redaction and no data leakage or mutation.,N/A for this requirement; verify any action-specific cancel path in its linked workflow case.,"Review the real screen for responsive layout, scrolling, field validation, loading/empty/error states and correct persisted data; use Windows visual review where native behavior applies.",State-transition/concurrency integration + reception E2E,Phase 6,Not Run,,
AM-RX-001,RX-001,AT-RX-001-P,AT-RX-001-N,AT-RX-001-A,AT-RX-001-C,AT-RX-001-V,Prescription service,"Create from a patient context or global section; every prescription has a patient, prescriber, date/time and persisted state.","With valid authorized inputs, verify the documented outcome persists and survives restart: Create from a patient context or global section; every prescription has a patient, prescriber, date/time and persisted state.","Inject the applicable invalid, duplicate, boundary, unavailable-resource or persistence failure; show an understandable error, never claim success, and verify no partial/incorrect state remains.",Invoke the protected operation and query/search/export projection as a role lacking the specific permission; expect denial/redaction and no data leakage or mutation.,"Attempt the relevant destructive/finalize/restore action, choose Cancel or fail re-authentication, then prove persisted data and audit outcome remain correct; operation must not proceed.","Review the real screen for responsive layout, scrolling, field validation, loading/empty/error states and correct persisted data; use Windows visual review where native behavior applies.",Rust validation/history integration + prescription E2E,Phase 7,Not Run,,
AM-RX-002,RX-002,AT-RX-002-P,AT-RX-002-N,AT-RX-002-A,AT-RX-002-C,AT-RX-002-V,Prescription service,"Multiple lines with custom/free-text medicine name, form, strength/power, dose, frequency, timing, before/after food, duration, quantity, route, conditional instruction and additional instructions; templates are reusable but never mandatory.","With valid authorized inputs, verify the documented outcome persists and survives restart: Multiple lines with custom/free-text medicine name, form, strength/power, dose, frequency, timing, before/after food, duration, quantity, route, conditional instruction and additional instructions; templates are reusable but never mandatory.","Inject the applicable invalid, duplicate, boundary, unavailable-resource or persistence failure; show an understandable error, never claim success, and verify no partial/incorrect state remains.",Invoke the protected operation and query/search/export projection as a role lacking the specific permission; expect denial/redaction and no data leakage or mutation.,"Attempt the relevant destructive/finalize/restore action, choose Cancel or fail re-authentication, then prove persisted data and audit outcome remain correct; operation must not proceed.","Review the real screen for responsive layout, scrolling, field validation, loading/empty/error states and correct persisted data; use Windows visual review where native behavior applies.",Rust validation/history integration + prescription E2E,Phase 7,Not Run,,
AM-RX-003,RX-003,AT-RX-003-P,AT-RX-003-N,AT-RX-003-A,AT-RX-003-C,AT-RX-003-V,Prescription service,"Offer configurable selectable dental complaints (including pain, G. caries, swelling, gum bleeding, halitosis/bad breath, sensitivity) and observations (including caries/G. caries, configured BDR/BDC terminology, gingivitis, periodontal pocket/periodontitis, pulpitis, impacted teeth, dry socket, attrition/erosion). Keep them optional and editable with free text; no automatic clinical recommendation.","With valid authorized inputs, verify the documented outcome persists and survives restart: Offer configurable selectable dental complaints (including pain, G. caries, swelling, gum bleeding, halitosis/bad breath, sensitivity) and observations (including caries/G. caries, configured BDR/BDC terminology, gingivitis, periodontal pocket/periodontitis, pulpitis, impacted teeth, dry socket, attrition/erosion). Keep them optional and editable with free text; no automatic clinical recommendation.","Inject the applicable invalid, duplicate, boundary, unavailable-resource or persistence failure; show an understandable error, never claim success, and verify no partial/incorrect state remains.",Invoke the protected operation and query/search/export projection as a role lacking the specific permission; expect denial/redaction and no data leakage or mutation.,"Attempt the relevant destructive/finalize/restore action, choose Cancel or fail re-authentication, then prove persisted data and audit outcome remain correct; operation must not proceed.","Review the real screen for responsive layout, scrolling, field validation, loading/empty/error states and correct persisted data; use Windows visual review where native behavior applies.",Rust validation/history integration + prescription E2E,Phase 7,Not Run,,
AM-RX-004,RX-004,AT-RX-004-P,AT-RX-004-N,AT-RX-004-A,AT-RX-004-C,AT-RX-004-V,Prescription service,Preview/edit before finalization; finalized prescription contents and the rendered document correspond to the persisted record. Amendments require permission and history; no invisible rewrite.,"With valid authorized inputs, verify the documented outcome persists and survives restart: Preview/edit before finalization; finalized prescription contents and the rendered document correspond to the persisted record. Amendments require permission and history; no invisible rewrite.","Inject the applicable invalid, duplicate, boundary, unavailable-resource or persistence failure; show an understandable error, never claim success, and verify no partial/incorrect state remains.",Invoke the protected operation and query/search/export projection as a role lacking the specific permission; expect denial/redaction and no data leakage or mutation.,"Attempt the relevant destructive/finalize/restore action, choose Cancel or fail re-authentication, then prove persisted data and audit outcome remain correct; operation must not proceed.","Review the real screen for responsive layout, scrolling, field validation, loading/empty/error states and correct persisted data; use Windows visual review where native behavior applies.",Rust validation/history integration + prescription E2E,Phase 7,Not Run,,
AM-DOC-001,DOC-001,AT-DOC-001-P,AT-DOC-001-N,AT-DOC-001-A,AT-DOC-001-C,AT-DOC-001-V,Document rendering & printing,"Document contains clinic name/logo/address/phone; prescriber name, multiple designations/certifications/qualifications; patient name/gender/age-or-date as configured/code and date. Long identities wrap professionally.","With valid authorized inputs, verify the documented outcome persists and survives restart: Document contains clinic name/logo/address/phone; prescriber name, multiple designations/certifications/qualifications; patient name/gender/age-or-date as configured/code and date. Long identities wrap professionally.","Inject the applicable invalid, duplicate, boundary, unavailable-resource or persistence failure; show an understandable error, never claim success, and verify no partial/incorrect state remains.",Invoke the protected operation and query/search/export projection as a role lacking the specific permission; expect denial/redaction and no data leakage or mutation.,N/A for this requirement; verify any action-specific cancel path in its linked workflow case.,"Generate and inspect actual output in preview/PDF on A4, A5 and each implemented narrow/custom profile; verify text, wrapping, pagination, margins and no clipping.",Windows WebView2 PDF/print + document/PDF visual tests,Phase 7,Not Run,,
AM-DOC-002,DOC-002,AT-DOC-002-P,AT-DOC-002-N,AT-DOC-002-A,AT-DOC-002-C,AT-DOC-002-V,Document rendering & printing,Distinct clinical complaint/examination/advice area and multiple medicine lines with readable hierarchy; configured clinic messages/schedule/follow-up/emergency text; substantial blank signing area above a signature line. No default content crowds or pushes the signature unexpectedly.,"With valid authorized inputs, verify the documented outcome persists and survives restart: Distinct clinical complaint/examination/advice area and multiple medicine lines with readable hierarchy; configured clinic messages/schedule/follow-up/emergency text; substantial blank signing area above a signature line. No default content crowds or pushes the signature unexpectedly.","Inject the applicable invalid, duplicate, boundary, unavailable-resource or persistence failure; show an understandable error, never claim success, and verify no partial/incorrect state remains.",Invoke the protected operation and query/search/export projection as a role lacking the specific permission; expect denial/redaction and no data leakage or mutation.,N/A for this requirement; verify any action-specific cancel path in its linked workflow case.,"Generate and inspect actual output in preview/PDF on A4, A5 and each implemented narrow/custom profile; verify text, wrapping, pagination, margins and no clipping.",Windows WebView2 PDF/print + document/PDF visual tests,Phase 7,Not Run,,
AM-DOC-003,DOC-003,AT-DOC-003-P,AT-DOC-003-N,AT-DOC-003-A,AT-DOC-003-C,AT-DOC-003-V,Document rendering & printing,"A4, A5, supported thermal/receipt/mini widths and supported custom dimensions; portrait/landscape where useful, appropriate margins, scaling and pagination per document profile. Narrow paper gets a dedicated layout, not blindly scaled A4.","With valid authorized inputs, verify the documented outcome persists and survives restart: A4, A5, supported thermal/receipt/mini widths and supported custom dimensions; portrait/landscape where useful, appropriate margins, scaling and pagination per document profile. Narrow paper gets a dedicated layout, not blindly scaled A4.","Inject the applicable invalid, duplicate, boundary, unavailable-resource or persistence failure; show an understandable error, never claim success, and verify no partial/incorrect state remains.",Invoke the protected operation and query/search/export projection as a role lacking the specific permission; expect denial/redaction and no data leakage or mutation.,N/A for this requirement; verify any action-specific cancel path in its linked workflow case.,"Generate and inspect actual output in preview/PDF on A4, A5 and each implemented narrow/custom profile; verify text, wrapping, pagination, margins and no clipping.",Windows WebView2 PDF/print + document/PDF visual tests,Phase 7,Not Run,,
AM-DOC-004,DOC-004,AT-DOC-004-P,AT-DOC-004-N,AT-DOC-004-A,AT-DOC-004-C,AT-DOC-004-V,Document rendering & printing,"Real preview before printing; list/choose Windows-installed printers and supported settings/copies; standard Windows drivers, including user-selected Microsoft Print to PDF/equivalent where present. Direct PDF export is separate and local.","With valid authorized inputs, verify the documented outcome persists and survives restart: Real preview before printing; list/choose Windows-installed printers and supported settings/copies; standard Windows drivers, including user-selected Microsoft Print to PDF/equivalent where present. Direct PDF export is separate and local.","Inject the applicable invalid, duplicate, boundary, unavailable-resource or persistence failure; show an understandable error, never claim success, and verify no partial/incorrect state remains.",Invoke the protected operation and query/search/export projection as a role lacking the specific permission; expect denial/redaction and no data leakage or mutation.,N/A for this requirement; verify any action-specific cancel path in its linked workflow case.,"Generate and inspect actual output in preview/PDF on A4, A5 and each implemented narrow/custom profile; verify text, wrapping, pagination, margins and no clipping.",Windows WebView2 PDF/print + document/PDF visual tests,Phase 7,Not Run,,
AM-DOC-005,DOC-005,AT-DOC-005-P,AT-DOC-005-N,AT-DOC-005-A,AT-DOC-005-C,AT-DOC-005-V,Document rendering & printing,"Bundled redistributable font fallback renders Bengali/English in app preview, PDF and print. Long Bengali/medicine/clinic/qualification text wraps; no clipping, corrupt shaping, table/page overflow, orphaned totals or lost signature area. Test generated PDFs programmatically and visually at paper profiles.","With valid authorized inputs, verify the documented outcome persists and survives restart: Bundled redistributable font fallback renders Bengali/English in app preview, PDF and print. Long Bengali/medicine/clinic/qualification text wraps; no clipping, corrupt shaping, table/page overflow, orphaned totals or lost signature area. Test generated PDFs programmatically and visually at paper profiles.","Inject the applicable invalid, duplicate, boundary, unavailable-resource or persistence failure; show an understandable error, never claim success, and verify no partial/incorrect state remains.",Invoke the protected operation and query/search/export projection as a role lacking the specific permission; expect denial/redaction and no data leakage or mutation.,N/A for this requirement; verify any action-specific cancel path in its linked workflow case.,"Generate and inspect actual output in preview/PDF on A4, A5 and each implemented narrow/custom profile; verify text, wrapping, pagination, margins and no clipping.",Windows WebView2 PDF/print + document/PDF visual tests,Phase 7,Not Run,,
AM-DOC-006,DOC-006,AT-DOC-006-P,AT-DOC-006-N,AT-DOC-006-A,AT-DOC-006-C,AT-DOC-006-V,Document rendering & printing,"Printer unavailable/offline, invalid paper/driver, cancellation, file permission and PDF failures produce understandable errors and retry/cancel recovery; never report success before a completed print/export operation.","With valid authorized inputs, verify the documented outcome persists and survives restart: Printer unavailable/offline, invalid paper/driver, cancellation, file permission and PDF failures produce understandable errors and retry/cancel recovery; never report success before a completed print/export operation.","Inject the applicable invalid, duplicate, boundary, unavailable-resource or persistence failure; show an understandable error, never claim success, and verify no partial/incorrect state remains.",Invoke the protected operation and query/search/export projection as a role lacking the specific permission; expect denial/redaction and no data leakage or mutation.,N/A for this requirement; verify any action-specific cancel path in its linked workflow case.,"Generate and inspect actual output in preview/PDF on A4, A5 and each implemented narrow/custom profile; verify text, wrapping, pagination, margins and no clipping.",Windows WebView2 PDF/print + document/PDF visual tests,Phase 7,Not Run,,
AM-BILL-001,BILL-001,AT-BILL-001-P,AT-BILL-001-N,AT-BILL-001-A,AT-BILL-001-C,AT-BILL-001-V,Invoices & billing,"Unique configurable invoice numbers; patient/date; catalog or custom line snapshots with description, quantity, unit price, discount, optional tax/adjustment, subtotal, total, paid, due and status. Use integer poisha/decimal-safe math, explicit rounding and validated amounts.","With valid authorized inputs, verify the documented outcome persists and survives restart: Unique configurable invoice numbers; patient/date; catalog or custom line snapshots with description, quantity, unit price, discount, optional tax/adjustment, subtotal, total, paid, due and status. Use integer poisha/decimal-safe math, explicit rounding and validated amounts.","Inject the applicable invalid, duplicate, boundary, unavailable-resource or persistence failure; show an understandable error, never claim success, and verify no partial/incorrect state remains.",Invoke the protected operation and query/search/export projection as a role lacking the specific permission; expect denial/redaction and no data leakage or mutation.,"Attempt the relevant destructive/finalize/restore action, choose Cancel or fail re-authentication, then prove persisted data and audit outcome remain correct; operation must not proceed.","Review the real screen for responsive layout, scrolling, field validation, loading/empty/error states and correct persisted data; use Windows visual review where native behavior applies.",Rust calculation/transaction tests + Windows E2E + PDF tests,Phase 8,Not Run,,
AM-BILL-002,BILL-002,AT-BILL-002-P,AT-BILL-002-N,AT-BILL-002-A,AT-BILL-002-C,AT-BILL-002-V,Invoices & billing,"Snapshot descriptions, prices, discounts/tax and patient/document identity as required at issue time; never recompute old invoice line prices from today's catalog. Invoice creation and linked visit/treatment operations commit atomically where appropriate. Duplicate invoice numbers are impossible.","With valid authorized inputs, verify the documented outcome persists and survives restart: Snapshot descriptions, prices, discounts/tax and patient/document identity as required at issue time; never recompute old invoice line prices from today's catalog. Invoice creation and linked visit/treatment operations commit atomically where appropriate. Duplicate invoice numbers are impossible.","Inject the applicable invalid, duplicate, boundary, unavailable-resource or persistence failure; show an understandable error, never claim success, and verify no partial/incorrect state remains.",Invoke the protected operation and query/search/export projection as a role lacking the specific permission; expect denial/redaction and no data leakage or mutation.,"Attempt the relevant destructive/finalize/restore action, choose Cancel or fail re-authentication, then prove persisted data and audit outcome remain correct; operation must not proceed.","Review the real screen for responsive layout, scrolling, field validation, loading/empty/error states and correct persisted data; use Windows visual review where native behavior applies.",Rust calculation/transaction tests + Windows E2E + PDF tests,Phase 8,Not Run,,
AM-BILL-003,BILL-003,AT-BILL-003-P,AT-BILL-003-N,AT-BILL-003-A,AT-BILL-003-C,AT-BILL-003-V,Invoices & billing,"Support unpaid, partial, full, overpayment policy and outstanding balances from actual allocations. A failed DB write cannot show a successful invoice/payment. Corrections use void/reversal/refund entries, not deleting settled history.","With valid authorized inputs, verify the documented outcome persists and survives restart: Support unpaid, partial, full, overpayment policy and outstanding balances from actual allocations. A failed DB write cannot show a successful invoice/payment. Corrections use void/reversal/refund entries, not deleting settled history.","Inject the applicable invalid, duplicate, boundary, unavailable-resource or persistence failure; show an understandable error, never claim success, and verify no partial/incorrect state remains.",Invoke the protected operation and query/search/export projection as a role lacking the specific permission; expect denial/redaction and no data leakage or mutation.,"Attempt the relevant destructive/finalize/restore action, choose Cancel or fail re-authentication, then prove persisted data and audit outcome remain correct; operation must not proceed.","Review the real screen for responsive layout, scrolling, field validation, loading/empty/error states and correct persisted data; use Windows visual review where native behavior applies.",Rust calculation/transaction tests + Windows E2E + PDF tests,Phase 8,Not Run,,
AM-BILL-004,BILL-004,AT-BILL-004-P,AT-BILL-004-N,AT-BILL-004-A,AT-BILL-004-C,AT-BILL-004-V,Invoices & billing,"Clinic branding, invoice/date/patient, detailed items, quantity, unit prices, discounts/tax, subtotal, total, paid/due and payment status; no doctor signature unless an explicit setting is added. A4/A5/thermal/mini profiles paginate and keep totals together/readable.","With valid authorized inputs, verify the documented outcome persists and survives restart: Clinic branding, invoice/date/patient, detailed items, quantity, unit prices, discounts/tax, subtotal, total, paid/due and payment status; no doctor signature unless an explicit setting is added. A4/A5/thermal/mini profiles paginate and keep totals together/readable.","Inject the applicable invalid, duplicate, boundary, unavailable-resource or persistence failure; show an understandable error, never claim success, and verify no partial/incorrect state remains.",Invoke the protected operation and query/search/export projection as a role lacking the specific permission; expect denial/redaction and no data leakage or mutation.,"Attempt the relevant destructive/finalize/restore action, choose Cancel or fail re-authentication, then prove persisted data and audit outcome remain correct; operation must not proceed.","Review the real screen for responsive layout, scrolling, field validation, loading/empty/error states and correct persisted data; use Windows visual review where native behavior applies.",Rust calculation/transaction tests + Windows E2E + PDF tests,Phase 8,Not Run,,
AM-PAY-001,PAY-001,AT-PAY-001-P,AT-PAY-001-N,AT-PAY-001-A,AT-PAY-001-C,AT-PAY-001-V,Payments & allocation,"Patient, independently recorded transaction, invoice allocation(s), timestamp, amount, method, reference/transaction ID, receiver and notes. Methods: Cash, Bank, Card, Mobile Wallet; wallet classification includes bKash, Nagad, Rocket, Upay and Others. This is offline classification, not an API integration.","With valid authorized inputs, verify the documented outcome persists and survives restart: Patient, independently recorded transaction, invoice allocation(s), timestamp, amount, method, reference/transaction ID, receiver and notes. Methods: Cash, Bank, Card, Mobile Wallet; wallet classification includes bKash, Nagad, Rocket, Upay and Others. This is offline classification, not an API integration.","Inject the applicable invalid, duplicate, boundary, unavailable-resource or persistence failure; show an understandable error, never claim success, and verify no partial/incorrect state remains.",Invoke the protected operation and query/search/export projection as a role lacking the specific permission; expect denial/redaction and no data leakage or mutation.,"Attempt the relevant destructive/finalize/restore action, choose Cancel or fail re-authentication, then prove persisted data and audit outcome remain correct; operation must not proceed.","Review the real screen for responsive layout, scrolling, field validation, loading/empty/error states and correct persisted data; use Windows visual review where native behavior applies.",Rust property/calculation/DB tests + permission E2E,Phase 8,Not Run,,
AM-PAY-002,PAY-002,AT-PAY-002-P,AT-PAY-002-N,AT-PAY-002-A,AT-PAY-002-C,AT-PAY-002-V,Payments & allocation,"Today default, 7/30/90 days, 1 year and custom date range; totals/reports reflect actual persisted eligible transactions and user permissions.","With valid authorized inputs, verify the documented outcome persists and survives restart: Today default, 7/30/90 days, 1 year and custom date range; totals/reports reflect actual persisted eligible transactions and user permissions.","Inject the applicable invalid, duplicate, boundary, unavailable-resource or persistence failure; show an understandable error, never claim success, and verify no partial/incorrect state remains.",Invoke the protected operation and query/search/export projection as a role lacking the specific permission; expect denial/redaction and no data leakage or mutation.,"Attempt the relevant destructive/finalize/restore action, choose Cancel or fail re-authentication, then prove persisted data and audit outcome remain correct; operation must not proceed.","Review the real screen for responsive layout, scrolling, field validation, loading/empty/error states and correct persisted data; use Windows visual review where native behavior applies.",Rust property/calculation/DB tests + permission E2E,Phase 8,Not Run,,
AM-PAY-003,PAY-003,AT-PAY-003-P,AT-PAY-003-N,AT-PAY-003-A,AT-PAY-003-C,AT-PAY-003-V,Payments & allocation,Sum of allocations cannot exceed captured payment except an explicitly supported unapplied credit; invoice paid/due is derived consistently. Reversals/refunds remain traceable and balance correctly.,"With valid authorized inputs, verify the documented outcome persists and survives restart: Sum of allocations cannot exceed captured payment except an explicitly supported unapplied credit; invoice paid/due is derived consistently. Reversals/refunds remain traceable and balance correctly.","Inject the applicable invalid, duplicate, boundary, unavailable-resource or persistence failure; show an understandable error, never claim success, and verify no partial/incorrect state remains.",Invoke the protected operation and query/search/export projection as a role lacking the specific permission; expect denial/redaction and no data leakage or mutation.,"Attempt the relevant destructive/finalize/restore action, choose Cancel or fail re-authentication, then prove persisted data and audit outcome remain correct; operation must not proceed.","Review the real screen for responsive layout, scrolling, field validation, loading/empty/error states and correct persisted data; use Windows visual review where native behavior applies.",Rust property/calculation/DB tests + permission E2E,Phase 8,Not Run,,
AM-ACC-001,ACC-001,AT-ACC-001-P,AT-ACC-001-N,AT-ACC-001-A,AT-ACC-001-C,AT-ACC-001-V,Accounting & reporting,"Configurable categories; patient receipts are not double-counted as separate income; other income and expenses include rent, electricity, internet, staff salary, dental accessories/materials, equipment, maintenance, transportation, office costs, utilities and other clinic-configured categories, with timestamp, amount, category, user, payee/source, notes and audit.","With valid authorized inputs, verify the documented outcome persists and survives restart: Configurable categories; patient receipts are not double-counted as separate income; other income and expenses include rent, electricity, internet, staff salary, dental accessories/materials, equipment, maintenance, transportation, office costs, utilities and other clinic-configured categories, with timestamp, amount, category, user, payee/source, notes and audit.","Inject the applicable invalid, duplicate, boundary, unavailable-resource or persistence failure; show an understandable error, never claim success, and verify no partial/incorrect state remains.",Invoke the protected operation and query/search/export projection as a role lacking the specific permission; expect denial/redaction and no data leakage or mutation.,N/A for this requirement; verify any action-specific cancel path in its linked workflow case.,"Review the real screen for responsive layout, scrolling, field validation, loading/empty/error states and correct persisted data; use Windows visual review where native behavior applies.",Rust aggregation tests + financial isolation integration,Phase 8,Not Run,,
AM-ACC-002,ACC-002,AT-ACC-002-P,AT-ACC-002-N,AT-ACC-002-A,AT-ACC-002-C,AT-ACC-002-V,Accounting & reporting,"Daily/weekly/monthly/quarterly/yearly/custom totals, income-versus-expense, receivables, payment method, expense category and inventory purchases; use consistent BDT dates/rounding and actual transactions.","With valid authorized inputs, verify the documented outcome persists and survives restart: Daily/weekly/monthly/quarterly/yearly/custom totals, income-versus-expense, receivables, payment method, expense category and inventory purchases; use consistent BDT dates/rounding and actual transactions.","Inject the applicable invalid, duplicate, boundary, unavailable-resource or persistence failure; show an understandable error, never claim success, and verify no partial/incorrect state remains.",Invoke the protected operation and query/search/export projection as a role lacking the specific permission; expect denial/redaction and no data leakage or mutation.,N/A for this requirement; verify any action-specific cancel path in its linked workflow case.,"Review the real screen for responsive layout, scrolling, field validation, loading/empty/error states and correct persisted data; use Windows visual review where native behavior applies.",Rust aggregation tests + financial isolation integration,Phase 8,Not Run,,
AM-ACC-003,ACC-003,AT-ACC-003-P,AT-ACC-003-N,AT-ACC-003-A,AT-ACC-003-C,AT-ACC-003-V,Accounting & reporting,"Require explicit financial/report permissions at business-service and query level for every total, balance, detail, export, print and search preview. Invoice/payment entry permission may exist without clinic-wide revenue analytics.","With valid authorized inputs, verify the documented outcome persists and survives restart: Require explicit financial/report permissions at business-service and query level for every total, balance, detail, export, print and search preview. Invoice/payment entry permission may exist without clinic-wide revenue analytics.","Inject the applicable invalid, duplicate, boundary, unavailable-resource or persistence failure; show an understandable error, never claim success, and verify no partial/incorrect state remains.",Invoke the protected operation and query/search/export projection as a role lacking the specific permission; expect denial/redaction and no data leakage or mutation.,N/A for this requirement; verify any action-specific cancel path in its linked workflow case.,"Review the real screen for responsive layout, scrolling, field validation, loading/empty/error states and correct persisted data; use Windows visual review where native behavior applies.",Rust aggregation tests + financial isolation integration,Phase 8,Not Run,,
AM-ACC-004,ACC-004,AT-ACC-004-P,AT-ACC-004-N,AT-ACC-004-A,AT-ACC-004-C,AT-ACC-004-V,Accounting & reporting,"Authorized export/print uses real filtered data, records selection/time/user in appropriate audit, and handles empty/error states honestly.","With valid authorized inputs, verify the documented outcome persists and survives restart: Authorized export/print uses real filtered data, records selection/time/user in appropriate audit, and handles empty/error states honestly.","Inject the applicable invalid, duplicate, boundary, unavailable-resource or persistence failure; show an understandable error, never claim success, and verify no partial/incorrect state remains.",Invoke the protected operation and query/search/export projection as a role lacking the specific permission; expect denial/redaction and no data leakage or mutation.,N/A for this requirement; verify any action-specific cancel path in its linked workflow case.,"Review the real screen for responsive layout, scrolling, field validation, loading/empty/error states and correct persisted data; use Windows visual review where native behavior applies.",Rust aggregation tests + financial isolation integration,Phase 8,Not Run,,
AM-STOCK-001,STOCK-001,AT-STOCK-001-P,AT-STOCK-001-N,AT-STOCK-001-A,AT-STOCK-001-C,AT-STOCK-001-V,Inventory & suppliers,"Track dental accessories, consumables, materials, medicines and clinic supplies. Capture item name, SKU/code, category, supplier/purchase source, unit, purchase/usage cost, opening/on-hand quantity, minimum threshold, batch/lot, expiry/purchase dates, supplier contact, notes and audit metadata.","With valid authorized inputs, verify the documented outcome persists and survives restart: Track dental accessories, consumables, materials, medicines and clinic supplies. Capture item name, SKU/code, category, supplier/purchase source, unit, purchase/usage cost, opening/on-hand quantity, minimum threshold, batch/lot, expiry/purchase dates, supplier contact, notes and audit metadata.","Inject the applicable invalid, duplicate, boundary, unavailable-resource or persistence failure; show an understandable error, never claim success, and verify no partial/incorrect state remains.",Invoke the protected operation and query/search/export projection as a role lacking the specific permission; expect denial/redaction and no data leakage or mutation.,"Attempt the relevant destructive/finalize/restore action, choose Cancel or fail re-authentication, then prove persisted data and audit outcome remain correct; operation must not proceed.","Review the real screen for responsive layout, scrolling, field validation, loading/empty/error states and correct persisted data; use Windows visual review where native behavior applies.",Rust stock math/DB integration + alert E2E,Phase 9,Not Run,,
AM-STOCK-002,STOCK-002,AT-STOCK-002-P,AT-STOCK-002-N,AT-STOCK-002-A,AT-STOCK-002-C,AT-STOCK-002-V,Inventory & suppliers,"Persist stock-in, consumption/stock-out and reasoned manual adjustments as append-only transactions; derive on-hand quantity; supplier management, inventory reports and purchases.","With valid authorized inputs, verify the documented outcome persists and survives restart: Persist stock-in, consumption/stock-out and reasoned manual adjustments as append-only transactions; derive on-hand quantity; supplier management, inventory reports and purchases.","Inject the applicable invalid, duplicate, boundary, unavailable-resource or persistence failure; show an understandable error, never claim success, and verify no partial/incorrect state remains.",Invoke the protected operation and query/search/export projection as a role lacking the specific permission; expect denial/redaction and no data leakage or mutation.,"Attempt the relevant destructive/finalize/restore action, choose Cancel or fail re-authentication, then prove persisted data and audit outcome remain correct; operation must not proceed.","Review the real screen for responsive layout, scrolling, field validation, loading/empty/error states and correct persisted data; use Windows visual review where native behavior applies.",Rust stock math/DB integration + alert E2E,Phase 9,Not Run,,
AM-STOCK-003,STOCK-003,AT-STOCK-003-P,AT-STOCK-003-N,AT-STOCK-003-A,AT-STOCK-003-C,AT-STOCK-003-V,Inventory & suppliers,Prevent negative on-hand stock by default; configurable exception only with explicit authority/policy. Every adjustment is audited; low-stock and expiring-soon notifications are generated from current persisted state and deduplicated.,"With valid authorized inputs, verify the documented outcome persists and survives restart: Prevent negative on-hand stock by default; configurable exception only with explicit authority/policy. Every adjustment is audited; low-stock and expiring-soon notifications are generated from current persisted state and deduplicated.","Inject the applicable invalid, duplicate, boundary, unavailable-resource or persistence failure; show an understandable error, never claim success, and verify no partial/incorrect state remains.",Invoke the protected operation and query/search/export projection as a role lacking the specific permission; expect denial/redaction and no data leakage or mutation.,"Attempt the relevant destructive/finalize/restore action, choose Cancel or fail re-authentication, then prove persisted data and audit outcome remain correct; operation must not proceed.","Review the real screen for responsive layout, scrolling, field validation, loading/empty/error states and correct persisted data; use Windows visual review where native behavior applies.",Rust stock math/DB integration + alert E2E,Phase 9,Not Run,,
AM-STOCK-004,STOCK-004,AT-STOCK-004-P,AT-STOCK-004-N,AT-STOCK-004-A,AT-STOCK-004-C,AT-STOCK-004-V,Inventory & suppliers,"Filter/report by supplier, category, low stock, expiry and date; expiry warnings use configured clinic thresholds and real batch quantities.","With valid authorized inputs, verify the documented outcome persists and survives restart: Filter/report by supplier, category, low stock, expiry and date; expiry warnings use configured clinic thresholds and real batch quantities.","Inject the applicable invalid, duplicate, boundary, unavailable-resource or persistence failure; show an understandable error, never claim success, and verify no partial/incorrect state remains.",Invoke the protected operation and query/search/export projection as a role lacking the specific permission; expect denial/redaction and no data leakage or mutation.,"Attempt the relevant destructive/finalize/restore action, choose Cancel or fail re-authentication, then prove persisted data and audit outcome remain correct; operation must not proceed.","Review the real screen for responsive layout, scrolling, field validation, loading/empty/error states and correct persisted data; use Windows visual review where native behavior applies.",Rust stock math/DB integration + alert E2E,Phase 9,Not Run,,
AM-STAFF-001,STAFF-001,AT-STAFF-001-P,AT-STAFF-001-N,AT-STAFF-001-A,AT-STAFF-001-C,AT-STAFF-001-V,Staff and account management,"Purpose-appropriate name, section/role, DOB/age where configured, address, blood group where justified, ID, photo, contacts, salary, employment status, joining date and notes. Sensitive PII/salary access is separately permissioned and minimized.","With valid authorized inputs, verify the documented outcome persists and survives restart: Purpose-appropriate name, section/role, DOB/age where configured, address, blood group where justified, ID, photo, contacts, salary, employment status, joining date and notes. Sensitive PII/salary access is separately permissioned and minimized.","Inject the applicable invalid, duplicate, boundary, unavailable-resource or persistence failure; show an understandable error, never claim success, and verify no partial/incorrect state remains.",Invoke the protected operation and query/search/export projection as a role lacking the specific permission; expect denial/redaction and no data leakage or mutation.,"Attempt the relevant destructive/finalize/restore action, choose Cancel or fail re-authentication, then prove persisted data and audit outcome remain correct; operation must not proceed.","Review the real screen for responsive layout, scrolling, field validation, loading/empty/error states and correct persisted data; use Windows visual review where native behavior applies.",Rust validation/RBAC integration + privacy E2E,Phase 9,Not Run,,
AM-STAFF-002,STAFF-002,AT-STAFF-002-P,AT-STAFF-002-N,AT-STAFF-002-A,AT-STAFF-002-C,AT-STAFF-002-V,Staff and account management,A staff member may have no login. Login username is unique; account enable/disable and staff employment status are distinct and audited.,"With valid authorized inputs, verify the documented outcome persists and survives restart: A staff member may have no login. Login username is unique; account enable/disable and staff employment status are distinct and audited.","Inject the applicable invalid, duplicate, boundary, unavailable-resource or persistence failure; show an understandable error, never claim success, and verify no partial/incorrect state remains.",Invoke the protected operation and query/search/export projection as a role lacking the specific permission; expect denial/redaction and no data leakage or mutation.,"Attempt the relevant destructive/finalize/restore action, choose Cancel or fail re-authentication, then prove persisted data and audit outcome remain correct; operation must not proceed.","Review the real screen for responsive layout, scrolling, field validation, loading/empty/error states and correct persisted data; use Windows visual review where native behavior applies.",Rust validation/RBAC integration + privacy E2E,Phase 9,Not Run,,
AM-DASH-001,DASH-001,AT-DASH-001-P,AT-DASH-001-N,AT-DASH-001-A,AT-DASH-001-C,AT-DASH-001-V,Dashboard,"Data-driven today patients/appointments, waiting queue, completed visits, pending/missed appointments, recent patients/activity, upcoming appointments, inventory low/expiry and actionable notices. Empty/no-data states are useful; no production hardcoded demo values.","With valid authorized inputs, verify the documented outcome persists and survives restart: Data-driven today patients/appointments, waiting queue, completed visits, pending/missed appointments, recent patients/activity, upcoming appointments, inventory low/expiry and actionable notices. Empty/no-data states are useful; no production hardcoded demo values.","Inject the applicable invalid, duplicate, boundary, unavailable-resource or persistence failure; show an understandable error, never claim success, and verify no partial/incorrect state remains.",Invoke the protected operation and query/search/export projection as a role lacking the specific permission; expect denial/redaction and no data leakage or mutation.,N/A for this requirement; verify any action-specific cancel path in its linked workflow case.,"Review the real screen for responsive layout, scrolling, field validation, loading/empty/error states and correct persisted data; use Windows visual review where native behavior applies.",Query/service integration + role projection E2E,Phase 4,Not Run,,
AM-DASH-002,DASH-002,AT-DASH-002-P,AT-DASH-002-N,AT-DASH-002-A,AT-DASH-002-C,AT-DASH-002-V,Dashboard,Today revenue/payments/receivables and financial chart widgets appear only when separately authorized; clinical/reception roles see only relevant permitted information.,"With valid authorized inputs, verify the documented outcome persists and survives restart: Today revenue/payments/receivables and financial chart widgets appear only when separately authorized; clinical/reception roles see only relevant permitted information.","Inject the applicable invalid, duplicate, boundary, unavailable-resource or persistence failure; show an understandable error, never claim success, and verify no partial/incorrect state remains.",Invoke the protected operation and query/search/export projection as a role lacking the specific permission; expect denial/redaction and no data leakage or mutation.,N/A for this requirement; verify any action-specific cancel path in its linked workflow case.,"Review the real screen for responsive layout, scrolling, field validation, loading/empty/error states and correct persisted data; use Windows visual review where native behavior applies.",Query/service integration + role projection E2E,Phase 4,Not Run,,
AM-DASH-003,DASH-003,AT-DASH-003-P,AT-DASH-003-N,AT-DASH-003-A,AT-DASH-003-C,AT-DASH-003-V,Dashboard,"Chart totals/series derive from database, support permission-safe configurable widgets where appropriate, and provide loading, failure and empty states with retry when meaningful.","With valid authorized inputs, verify the documented outcome persists and survives restart: Chart totals/series derive from database, support permission-safe configurable widgets where appropriate, and provide loading, failure and empty states with retry when meaningful.","Inject the applicable invalid, duplicate, boundary, unavailable-resource or persistence failure; show an understandable error, never claim success, and verify no partial/incorrect state remains.",Invoke the protected operation and query/search/export projection as a role lacking the specific permission; expect denial/redaction and no data leakage or mutation.,N/A for this requirement; verify any action-specific cancel path in its linked workflow case.,"Review the real screen for responsive layout, scrolling, field validation, loading/empty/error states and correct persisted data; use Windows visual review where native behavior applies.",Query/service integration + role projection E2E,Phase 4,Not Run,,
AM-SEARCH-001,SEARCH-001,AT-SEARCH-001-P,AT-SEARCH-001-N,AT-SEARCH-001-A,AT-SEARCH-001-C,AT-SEARCH-001-V,Global search,"Search patients by name/code/phone/address/configured identifiers; appointments by patient/date/dentist/status; prescriptions by patient/date/dentist/medicine; invoices by number/patient/date/status; payments by patient/reference/date/method; inventory by item/SKU/supplier/batch/expiry; staff/users by name/role/status; and permitted clinical records. Search is debounced, indexed, keyboard-shortcut accessible, paginated and useful.","With valid authorized inputs, verify the documented outcome persists and survives restart: Search patients by name/code/phone/address/configured identifiers; appointments by patient/date/dentist/status; prescriptions by patient/date/dentist/medicine; invoices by number/patient/date/status; payments by patient/reference/date/method; inventory by item/SKU/supplier/batch/expiry; staff/users by name/role/status; and permitted clinical records. Search is debounced, indexed, keyboard-shortcut accessible, paginated and useful.","Inject the applicable invalid, duplicate, boundary, unavailable-resource or persistence failure; show an understandable error, never claim success, and verify no partial/incorrect state remains.",Invoke the protected operation and query/search/export projection as a role lacking the specific permission; expect denial/redaction and no data leakage or mutation.,N/A for this requirement; verify any action-specific cancel path in its linked workflow case.,"Review the real screen for responsive layout, scrolling, field validation, loading/empty/error states and correct persisted data; use Windows visual review where native behavior applies.",Indexed query integration + forged-filter authorization tests,Phase 10,Not Run,,
AM-SEARCH-002,SEARCH-002,AT-SEARCH-002-P,AT-SEARCH-002-N,AT-SEARCH-002-A,AT-SEARCH-002-C,AT-SEARCH-002-V,Global search,"Apply the same permission checks and field filtering to query, counts, snippets and result previews; never leak restricted clinical, salary or financial values through global search.","With valid authorized inputs, verify the documented outcome persists and survives restart: Apply the same permission checks and field filtering to query, counts, snippets and result previews; never leak restricted clinical, salary or financial values through global search.","Inject the applicable invalid, duplicate, boundary, unavailable-resource or persistence failure; show an understandable error, never claim success, and verify no partial/incorrect state remains.",Invoke the protected operation and query/search/export projection as a role lacking the specific permission; expect denial/redaction and no data leakage or mutation.,N/A for this requirement; verify any action-specific cancel path in its linked workflow case.,"Review the real screen for responsive layout, scrolling, field validation, loading/empty/error states and correct persisted data; use Windows visual review where native behavior applies.",Indexed query integration + forged-filter authorization tests,Phase 10,Not Run,,
AM-NOTIFY-001,NOTIFY-001,AT-NOTIFY-001-P,AT-NOTIFY-001-N,AT-NOTIFY-001-A,AT-NOTIFY-001-C,AT-NOTIFY-001-V,Notification center,"Persist read/unread/history for actual upcoming/missed appointments, low/expiring stock, authorized outstanding balances, backup results/failures, security events and actionable tasks. Permission-filter, deduplicate and avoid spam.","With valid authorized inputs, verify the documented outcome persists and survives restart: Persist read/unread/history for actual upcoming/missed appointments, low/expiring stock, authorized outstanding balances, backup results/failures, security events and actionable tasks. Permission-filter, deduplicate and avoid spam.","Inject the applicable invalid, duplicate, boundary, unavailable-resource or persistence failure; show an understandable error, never claim success, and verify no partial/incorrect state remains.",Invoke the protected operation and query/search/export projection as a role lacking the specific permission; expect denial/redaction and no data leakage or mutation.,N/A for this requirement; verify any action-specific cancel path in its linked workflow case.,"Review the real screen for responsive layout, scrolling, field validation, loading/empty/error states and correct persisted data; use Windows visual review where native behavior applies.",Service integration + deduplication/permission E2E,Phase 10,Not Run,,
AM-BACKUP-001,BACKUP-001,AT-BACKUP-001-P,AT-BACKUP-001-N,AT-BACKUP-001-A,AT-BACKUP-001-C,AT-BACKUP-001-V,Backup & restore,"Admin selects a folder with a real Windows folder picker; manual and 7/15/30-day schedule, safe timestamped filenames, retention policy, progress/cancel behavior, and actual status notification. No hardcoded production path.","With valid authorized inputs, verify the documented outcome persists and survives restart: Admin selects a folder with a real Windows folder picker; manual and 7/15/30-day schedule, safe timestamped filenames, retention policy, progress/cancel behavior, and actual status notification. No hardcoded production path.","Inject the applicable invalid, duplicate, boundary, unavailable-resource or persistence failure; show an understandable error, never claim success, and verify no partial/incorrect state remains.",Invoke the protected operation and query/search/export projection as a role lacking the specific permission; expect denial/redaction and no data leakage or mutation.,"Attempt the relevant destructive/finalize/restore action, choose Cancel or fail re-authentication, then prove persisted data and audit outcome remain correct; operation must not proceed.","Review the real screen for responsive layout, scrolling, field validation, loading/empty/error states and correct persisted data; use Windows visual review where native behavior applies.",Rust fault-injection/DB integration + Windows clean install E2E,Phase 10,Not Run,,
AM-BACKUP-002,BACKUP-002,AT-BACKUP-002-P,AT-BACKUP-002-N,AT-BACKUP-002-A,AT-BACKUP-002-C,AT-BACKUP-002-V,Backup & restore,"Include a transactionally consistent database and required attachments/configuration/recovery metadata; exclude caches, temporary files, logs and unrelated secrets. Integrity hashes and schema/version manifest.","With valid authorized inputs, verify the documented outcome persists and survives restart: Include a transactionally consistent database and required attachments/configuration/recovery metadata; exclude caches, temporary files, logs and unrelated secrets. Integrity hashes and schema/version manifest.","Inject the applicable invalid, duplicate, boundary, unavailable-resource or persistence failure; show an understandable error, never claim success, and verify no partial/incorrect state remains.",Invoke the protected operation and query/search/export projection as a role lacking the specific permission; expect denial/redaction and no data leakage or mutation.,"Attempt the relevant destructive/finalize/restore action, choose Cancel or fail re-authentication, then prove persisted data and audit outcome remain correct; operation must not proceed.","Review the real screen for responsive layout, scrolling, field validation, loading/empty/error states and correct persisted data; use Windows visual review where native behavior applies.",Rust fault-injection/DB integration + Windows clean install E2E,Phase 10,Not Run,,
AM-BACKUP-003,BACKUP-003,AT-BACKUP-003-P,AT-BACKUP-003-N,AT-BACKUP-003-A,AT-BACKUP-003-C,AT-BACKUP-003-V,Backup & restore,"Select and validate one self-contained backup at a time; verify checksum, encryption/authenticity, database integrity and supported schema before restore; create and verify a pre-restore backup first; stage restore and atomically switch only after success; preserve current database on failure.","With valid authorized inputs, verify the documented outcome persists and survives restart: Select and validate one self-contained backup at a time; verify checksum, encryption/authenticity, database integrity and supported schema before restore; create and verify a pre-restore backup first; stage restore and atomically switch only after success; preserve current database on failure.","Inject the applicable invalid, duplicate, boundary, unavailable-resource or persistence failure; show an understandable error, never claim success, and verify no partial/incorrect state remains.",Invoke the protected operation and query/search/export projection as a role lacking the specific permission; expect denial/redaction and no data leakage or mutation.,"Attempt the relevant destructive/finalize/restore action, choose Cancel or fail re-authentication, then prove persisted data and audit outcome remain correct; operation must not proceed.","Review the real screen for responsive layout, scrolling, field validation, loading/empty/error states and correct persisted data; use Windows visual review where native behavior applies.",Rust fault-injection/DB integration + Windows clean install E2E,Phase 10,Not Run,,
AM-BACKUP-004,BACKUP-004,AT-BACKUP-004-P,AT-BACKUP-004-N,AT-BACKUP-004-A,AT-BACKUP-004-C,AT-BACKUP-004-V,Backup & restore,"Show progress without freezing UI; handle locked/inaccessible folders, missing media, disk full, wrong recovery secret, corrupt/partial/incompatible backups and cancellation with a clear recoverable explanation. Keep recovery path and audit event.","With valid authorized inputs, verify the documented outcome persists and survives restart: Show progress without freezing UI; handle locked/inaccessible folders, missing media, disk full, wrong recovery secret, corrupt/partial/incompatible backups and cancellation with a clear recoverable explanation. Keep recovery path and audit event.","Inject the applicable invalid, duplicate, boundary, unavailable-resource or persistence failure; show an understandable error, never claim success, and verify no partial/incorrect state remains.",Invoke the protected operation and query/search/export projection as a role lacking the specific permission; expect denial/redaction and no data leakage or mutation.,"Attempt the relevant destructive/finalize/restore action, choose Cancel or fail re-authentication, then prove persisted data and audit outcome remain correct; operation must not proceed.","Review the real screen for responsive layout, scrolling, field validation, loading/empty/error states and correct persisted data; use Windows visual review where native behavior applies.",Rust fault-injection/DB integration + Windows clean install E2E,Phase 10,Not Run,,
AM-OPS-001,OPS-001,AT-OPS-001-P,AT-OPS-001-N,AT-OPS-001-A,AT-OPS-001-C,AT-OPS-001-V,Operational resilience & UX,"Return safe structured application errors, field-level validation, retry where useful and local technical logs with redaction. No raw stack trace for normal users, silent swallow, false success or logged secrets/health narrative.","With valid authorized inputs, verify the documented outcome persists and survives restart: Return safe structured application errors, field-level validation, retry where useful and local technical logs with redaction. No raw stack trace for normal users, silent swallow, false success or logged secrets/health narrative.","Inject the applicable invalid, duplicate, boundary, unavailable-resource or persistence failure; show an understandable error, never claim success, and verify no partial/incorrect state remains.",Verify any entry point remains subject to its owning module permission; no caller-supplied identity or UI-only authorization.,"Attempt the relevant destructive/finalize/restore action, choose Cancel or fail re-authentication, then prove persisted data and audit outcome remain correct; operation must not proceed.","Review the real screen for responsive layout, scrolling, field validation, loading/empty/error states and correct persisted data; use Windows visual review where native behavior applies.",Failure injection + UI states + Windows restart/install tests,Phase 11,Not Run,,
AM-OPS-002,OPS-002,AT-OPS-002-P,AT-OPS-002-N,AT-OPS-002-A,AT-OPS-002-C,AT-OPS-002-V,Operational resilience & UX,"Debounce search; paginate/virtualize large lists/timelines/attachments; run DB, backup, restore and PDF work off UI thread; keep UI responsive and use realistic test data.","With valid authorized inputs, verify the documented outcome persists and survives restart: Debounce search; paginate/virtualize large lists/timelines/attachments; run DB, backup, restore and PDF work off UI thread; keep UI responsive and use realistic test data.","Inject the applicable invalid, duplicate, boundary, unavailable-resource or persistence failure; show an understandable error, never claim success, and verify no partial/incorrect state remains.",Verify any entry point remains subject to its owning module permission; no caller-supplied identity or UI-only authorization.,"Attempt the relevant destructive/finalize/restore action, choose Cancel or fail re-authentication, then prove persisted data and audit outcome remain correct; operation must not proceed.","Review the real screen for responsive layout, scrolling, field validation, loading/empty/error states and correct persisted data; use Windows visual review where native behavior applies.",Failure injection + UI states + Windows restart/install tests,Phase 11,Not Run,,
AM-OPS-003,OPS-003,AT-OPS-003-P,AT-OPS-003-N,AT-OPS-003-A,AT-OPS-003-C,AT-OPS-003-V,Operational resilience & UX,"Graceful application restart/close, single-instance or serialized DB safety, clean migrations, durability after restart and explicit data-preserving uninstall behavior.","With valid authorized inputs, verify the documented outcome persists and survives restart: Graceful application restart/close, single-instance or serialized DB safety, clean migrations, durability after restart and explicit data-preserving uninstall behavior.","Inject the applicable invalid, duplicate, boundary, unavailable-resource or persistence failure; show an understandable error, never claim success, and verify no partial/incorrect state remains.",Verify any entry point remains subject to its owning module permission; no caller-supplied identity or UI-only authorization.,"Attempt the relevant destructive/finalize/restore action, choose Cancel or fail re-authentication, then prove persisted data and audit outcome remain correct; operation must not proceed.","Review the real screen for responsive layout, scrolling, field validation, loading/empty/error states and correct persisted data; use Windows visual review where native behavior applies.",Failure injection + UI states + Windows restart/install tests,Phase 11,Not Run,,
AM-OPS-004,OPS-004,AT-OPS-004-P,AT-OPS-004-N,AT-OPS-004-A,AT-OPS-004-C,AT-OPS-004-V,Operational resilience & UX,"Original, optically centered transparent source artwork combining a custom dental identity with DCMS Pro mark; build and inspect appropriate ICO sizes at taskbar/shortcut/Start Menu/installer/titlebar; no emoji/stock icon/cropped or white-corner artifact.","With valid authorized inputs, verify the documented outcome persists and survives restart: Original, optically centered transparent source artwork combining a custom dental identity with DCMS Pro mark; build and inspect appropriate ICO sizes at taskbar/shortcut/Start Menu/installer/titlebar; no emoji/stock icon/cropped or white-corner artifact.","Inject the applicable invalid, duplicate, boundary, unavailable-resource or persistence failure; show an understandable error, never claim success, and verify no partial/incorrect state remains.",Verify any entry point remains subject to its owning module permission; no caller-supplied identity or UI-only authorization.,"Attempt the relevant destructive/finalize/restore action, choose Cancel or fail re-authentication, then prove persisted data and audit outcome remain correct; operation must not proceed.","Review the real screen for responsive layout, scrolling, field validation, loading/empty/error states and correct persisted data; use Windows visual review where native behavior applies.",Failure injection + UI states + Windows restart/install tests,Phase 2,Not Run,,
AM-DB-001,DB-001,AT-DB-001-P,AT-DB-001-N,AT-DB-001-A,AT-DB-001-C,AT-DB-001-V,Persistence & migrations,"Normalize clinic, dentists/designations/qualifications/schedules, staff/users/roles/permissions, patients/contacts/history/allergies, visits/observations/chart/tooth conditions, treatment catalog/records, appointments/status history/queue, prescriptions/items/templates, medicines, referrals, attachments, invoices/items, payments/allocations/methods, inventory/suppliers/batches/stock transactions, income/expense/categories, notifications, audit, backup metadata, printer profiles and settings as needed.","With valid authorized inputs, verify the documented outcome persists and survives restart: Normalize clinic, dentists/designations/qualifications/schedules, staff/users/roles/permissions, patients/contacts/history/allergies, visits/observations/chart/tooth conditions, treatment catalog/records, appointments/status history/queue, prescriptions/items/templates, medicines, referrals, attachments, invoices/items, payments/allocations/methods, inventory/suppliers/batches/stock transactions, income/expense/categories, notifications, audit, backup metadata, printer profiles and settings as needed.","Inject the applicable invalid, duplicate, boundary, unavailable-resource or persistence failure; show an understandable error, never claim success, and verify no partial/incorrect state remains.",Verify any entry point remains subject to its owning module permission; no caller-supplied identity or UI-only authorization.,"Attempt the relevant destructive/finalize/restore action, choose Cancel or fail re-authentication, then prove persisted data and audit outcome remain correct; operation must not proceed.",N/A for a non-visual invariant; verify the linked UI/integration workflow does not imply unsupported behavior.,"SQLite/SQLCipher migration, FK, transaction, scale tests",Phase 3,Not Run,,
AM-DB-002,DB-002,AT-DB-002-P,AT-DB-002-N,AT-DB-002-A,AT-DB-002-C,AT-DB-002-V,Persistence & migrations,Foreign keys on every connection; explicit uniqueness/check constraints and indexes for actual filters/search; transactions for multi-step operations; intentional cascade/restrict/soft-delete policy; no orphaned clinically/financially important records.,"With valid authorized inputs, verify the documented outcome persists and survives restart: Foreign keys on every connection; explicit uniqueness/check constraints and indexes for actual filters/search; transactions for multi-step operations; intentional cascade/restrict/soft-delete policy; no orphaned clinically/financially important records.","Inject the applicable invalid, duplicate, boundary, unavailable-resource or persistence failure; show an understandable error, never claim success, and verify no partial/incorrect state remains.",Verify any entry point remains subject to its owning module permission; no caller-supplied identity or UI-only authorization.,"Attempt the relevant destructive/finalize/restore action, choose Cancel or fail re-authentication, then prove persisted data and audit outcome remain correct; operation must not proceed.",N/A for a non-visual invariant; verify the linked UI/integration workflow does not imply unsupported behavior.,"SQLite/SQLCipher migration, FK, transaction, scale tests",Phase 3,Not Run,,
AM-DB-003,DB-003,AT-DB-003-P,AT-DB-003-N,AT-DB-003-A,AT-DB-003-C,AT-DB-003-V,Persistence & migrations,"Versioned, ordered migration files; clean install and supported in-place migration tests; schema compatibility checks for restore; migration failure preserves recoverable database and reports failure.","With valid authorized inputs, verify the documented outcome persists and survives restart: Versioned, ordered migration files; clean install and supported in-place migration tests; schema compatibility checks for restore; migration failure preserves recoverable database and reports failure.","Inject the applicable invalid, duplicate, boundary, unavailable-resource or persistence failure; show an understandable error, never claim success, and verify no partial/incorrect state remains.",Verify any entry point remains subject to its owning module permission; no caller-supplied identity or UI-only authorization.,"Attempt the relevant destructive/finalize/restore action, choose Cancel or fail re-authentication, then prove persisted data and audit outcome remain correct; operation must not proceed.",N/A for a non-visual invariant; verify the linked UI/integration workflow does not imply unsupported behavior.,"SQLite/SQLCipher migration, FK, transaction, scale tests",Phase 3,Not Run,,
AM-DB-004,DB-004,AT-DB-004-P,AT-DB-004-N,AT-DB-004-A,AT-DB-004-C,AT-DB-004-V,Persistence & migrations,No artificial patient/history max. Store query/page cursors safely and test large synthetic data without shipping it. SQLite/database/file capacity remains the technical bound.,"With valid authorized inputs, verify the documented outcome persists and survives restart: No artificial patient/history max. Store query/page cursors safely and test large synthetic data without shipping it. SQLite/database/file capacity remains the technical bound.","Inject the applicable invalid, duplicate, boundary, unavailable-resource or persistence failure; show an understandable error, never claim success, and verify no partial/incorrect state remains.",Verify any entry point remains subject to its owning module permission; no caller-supplied identity or UI-only authorization.,"Attempt the relevant destructive/finalize/restore action, choose Cancel or fail re-authentication, then prove persisted data and audit outcome remain correct; operation must not proceed.",N/A for a non-visual invariant; verify the linked UI/integration workflow does not imply unsupported behavior.,"SQLite/SQLCipher migration, FK, transaction, scale tests",Phase 3,Not Run,,
AM-DOC-007,DOC-007,AT-DOC-007-P,AT-DOC-007-N,AT-DOC-007-A,AT-DOC-007-C,AT-DOC-007-V,Document rendering & printing,"Reusable local document model/template/rendering with separately configured prescription and invoice layout, deterministic paper profile, preview, print settings, pagination, Unicode fonts and testable generated artifact.","With valid authorized inputs, verify the documented outcome persists and survives restart: Reusable local document model/template/rendering with separately configured prescription and invoice layout, deterministic paper profile, preview, print settings, pagination, Unicode fonts and testable generated artifact.","Inject the applicable invalid, duplicate, boundary, unavailable-resource or persistence failure; show an understandable error, never claim success, and verify no partial/incorrect state remains.",Invoke the protected operation and query/search/export projection as a role lacking the specific permission; expect denial/redaction and no data leakage or mutation.,N/A for this requirement; verify any action-specific cancel path in its linked workflow case.,"Generate and inspect actual output in preview/PDF on A4, A5 and each implemented narrow/custom profile; verify text, wrapping, pagination, margins and no clipping.",Windows WebView2 PDF/print + document/PDF visual tests,Phase 7,Not Run,,
AM-REL-001,REL-001,AT-REL-001-P,AT-REL-001-N,AT-REL-001-A,AT-REL-001-C,AT-REL-001-V,"CI, installer & release","GitHub Actions installs locked dependencies; lint/type/static checks; unit, DB, authorization, integration, document and UI/E2E tests; Windows production build; release validation. Any required failing test/build blocks artifact publication.","With valid authorized inputs, verify the documented outcome persists and survives restart: GitHub Actions installs locked dependencies; lint/type/static checks; unit, DB, authorization, integration, document and UI/E2E tests; Windows production build; release validation. Any required failing test/build blocks artifact publication.","Inject the applicable invalid, duplicate, boundary, unavailable-resource or persistence failure; show an understandable error, never claim success, and verify no partial/incorrect state remains.",Verify any entry point remains subject to its owning module permission; no caller-supplied identity or UI-only authorization.,"Attempt the relevant destructive/finalize/restore action, choose Cancel or fail re-authentication, then prove persisted data and audit outcome remain correct; operation must not proceed.",N/A for a non-visual invariant; verify the linked UI/integration workflow does not imply unsupported behavior.,Windows CI/release artifact/clean-machine acceptance,Phase 1,Not Run,,
AM-REL-002,REL-002,AT-REL-002-P,AT-REL-002-N,AT-REL-002-A,AT-REL-002-C,AT-REL-002-V,"CI, installer & release","Generate the production installer/executable on a Windows GitHub runner; production mode only, version/product metadata and icon verified, no dev server/debug menu/maps/mock data/test accounts/bypass, artifacts retained and SHA-256 checksummed.","With valid authorized inputs, verify the documented outcome persists and survives restart: Generate the production installer/executable on a Windows GitHub runner; production mode only, version/product metadata and icon verified, no dev server/debug menu/maps/mock data/test accounts/bypass, artifacts retained and SHA-256 checksummed.","Inject the applicable invalid, duplicate, boundary, unavailable-resource or persistence failure; show an understandable error, never claim success, and verify no partial/incorrect state remains.",Verify any entry point remains subject to its owning module permission; no caller-supplied identity or UI-only authorization.,"Attempt the relevant destructive/finalize/restore action, choose Cancel or fail re-authentication, then prove persisted data and audit outcome remain correct; operation must not proceed.",N/A for a non-visual invariant; verify the linked UI/integration workflow does not imply unsupported behavior.,Windows CI/release artifact/clean-machine acceptance,Phase 13,Not Run,,
AM-REL-003,REL-003,AT-REL-003-P,AT-REL-003-N,AT-REL-003-A,AT-REL-003-C,AT-REL-003-V,"CI, installer & release","Start Menu entry, appropriate configurable/standard desktop shortcut, install/reinstall/upgrade behavior, Windows registration, working uninstaller and documented user-data retention (ordinary uninstall preserves clinic data unless an explicit separately confirmed deletion is chosen).","With valid authorized inputs, verify the documented outcome persists and survives restart: Start Menu entry, appropriate configurable/standard desktop shortcut, install/reinstall/upgrade behavior, Windows registration, working uninstaller and documented user-data retention (ordinary uninstall preserves clinic data unless an explicit separately confirmed deletion is chosen).","Inject the applicable invalid, duplicate, boundary, unavailable-resource or persistence failure; show an understandable error, never claim success, and verify no partial/incorrect state remains.",Verify any entry point remains subject to its owning module permission; no caller-supplied identity or UI-only authorization.,"Attempt the relevant destructive/finalize/restore action, choose Cancel or fail re-authentication, then prove persisted data and audit outcome remain correct; operation must not proceed.",N/A for a non-visual invariant; verify the linked UI/integration workflow does not imply unsupported behavior.,Windows CI/release artifact/clean-machine acceptance,Phase 13,Not Run,,
AM-REL-004,REL-004,AT-REL-004-P,AT-REL-004-N,AT-REL-004-A,AT-REL-004-C,AT-REL-004-V,"CI, installer & release","On isolated supported Windows, install without developer tools/source tree, activate, finish setup and exercise a representative patient/visit/appointment/prescription/invoice/payment/inventory/expense/backup/restart/restore/PDF/print workflow; verify uninstall/data policy.","With valid authorized inputs, verify the documented outcome persists and survives restart: On isolated supported Windows, install without developer tools/source tree, activate, finish setup and exercise a representative patient/visit/appointment/prescription/invoice/payment/inventory/expense/backup/restart/restore/PDF/print workflow; verify uninstall/data policy.","Inject the applicable invalid, duplicate, boundary, unavailable-resource or persistence failure; show an understandable error, never claim success, and verify no partial/incorrect state remains.",Verify any entry point remains subject to its owning module permission; no caller-supplied identity or UI-only authorization.,"Attempt the relevant destructive/finalize/restore action, choose Cancel or fail re-authentication, then prove persisted data and audit outcome remain correct; operation must not proceed.",N/A for a non-visual invariant; verify the linked UI/integration workflow does not imply unsupported behavior.,Windows CI/release artifact/clean-machine acceptance,Phase 13,Not Run,,
AM-REL-005,REL-005,AT-REL-005-P,AT-REL-005-N,AT-REL-005-A,AT-REL-005-C,AT-REL-005-V,"CI, installer & release","Audit direct and transitive packages, runtime, fonts, icon sources and generated assets for commercial redistribution, obligations and vulnerabilities. Include required third-party notices/license text; avoid paid/closed/AGPL/GPL dependencies unless legal review approves a compatible use.","With valid authorized inputs, verify the documented outcome persists and survives restart: Audit direct and transitive packages, runtime, fonts, icon sources and generated assets for commercial redistribution, obligations and vulnerabilities. Include required third-party notices/license text; avoid paid/closed/AGPL/GPL dependencies unless legal review approves a compatible use.","Inject the applicable invalid, duplicate, boundary, unavailable-resource or persistence failure; show an understandable error, never claim success, and verify no partial/incorrect state remains.",Verify any entry point remains subject to its owning module permission; no caller-supplied identity or UI-only authorization.,"Attempt the relevant destructive/finalize/restore action, choose Cancel or fail re-authentication, then prove persisted data and audit outcome remain correct; operation must not proceed.",N/A for a non-visual invariant; verify the linked UI/integration workflow does not imply unsupported behavior.,Windows CI/release artifact/clean-machine acceptance,Phase 12,Not Run,,
AM-REL-006,REL-006,AT-REL-006-P,AT-REL-006-N,AT-REL-006-A,AT-REL-006-C,AT-REL-006-V,"CI, installer & release","Requirements-to-implementation and acceptance matrix review twice (before RC and immediately before final build); inspect every screen/route/action/permission, database relation, document, installer, workflow, logs, dependencies, secrets, external calls and TODO/development-only code. No release-blocking/high-severity defect or failing release gate.","With valid authorized inputs, verify the documented outcome persists and survives restart: Requirements-to-implementation and acceptance matrix review twice (before RC and immediately before final build); inspect every screen/route/action/permission, database relation, document, installer, workflow, logs, dependencies, secrets, external calls and TODO/development-only code. No release-blocking/high-severity defect or failing release gate.","Inject the applicable invalid, duplicate, boundary, unavailable-resource or persistence failure; show an understandable error, never claim success, and verify no partial/incorrect state remains.",Verify any entry point remains subject to its owning module permission; no caller-supplied identity or UI-only authorization.,"Attempt the relevant destructive/finalize/restore action, choose Cancel or fail re-authentication, then prove persisted data and audit outcome remain correct; operation must not proceed.",N/A for a non-visual invariant; verify the linked UI/integration workflow does not imply unsupported behavior.,Windows CI/release artifact/clean-machine acceptance,Phase 14,Not Run,,
AM-REL-007,REL-007,AT-REL-007-P,AT-REL-007-N,AT-REL-007-A,AT-REL-007-C,AT-REL-007-V,"CI, installer & release","Publish a GitHub Release with installer, release notes, checksums and relevant notices only from the final tested source/tag when permissions allow. If verified platform/permission limitations prevent release publishing, retain only intentional final artifacts/support files in `dist`; do not claim an unpublished release exists.","With valid authorized inputs, verify the documented outcome persists and survives restart: Publish a GitHub Release with installer, release notes, checksums and relevant notices only from the final tested source/tag when permissions allow. If verified platform/permission limitations prevent release publishing, retain only intentional final artifacts/support files in `dist`; do not claim an unpublished release exists.","Inject the applicable invalid, duplicate, boundary, unavailable-resource or persistence failure; show an understandable error, never claim success, and verify no partial/incorrect state remains.",Verify any entry point remains subject to its owning module permission; no caller-supplied identity or UI-only authorization.,"Attempt the relevant destructive/finalize/restore action, choose Cancel or fail re-authentication, then prove persisted data and audit outcome remain correct; operation must not proceed.",N/A for a non-visual invariant; verify the linked UI/integration workflow does not imply unsupported behavior.,Windows CI/release artifact/clean-machine acceptance,Phase 14,Not Run,,
AM-REL-008,REL-008,AT-REL-008-P,AT-REL-008-N,AT-REL-008-A,AT-REL-008-C,AT-REL-008-V,"CI, installer & release",Work stays on the Arena session branch. Create/inspect coherent phase PRs when appropriate; the owner decides whether to merge. The agent must never merge.,"With valid authorized inputs, verify the documented outcome persists and survives restart: Work stays on the Arena session branch. Create/inspect coherent phase PRs when appropriate; the owner decides whether to merge. The agent must never merge.","Inject the applicable invalid, duplicate, boundary, unavailable-resource or persistence failure; show an understandable error, never claim success, and verify no partial/incorrect state remains.",Verify any entry point remains subject to its owning module permission; no caller-supplied identity or UI-only authorization.,"Attempt the relevant destructive/finalize/restore action, choose Cancel or fail re-authentication, then prove persisted data and audit outcome remain correct; operation must not proceed.",N/A for a non-visual invariant; verify the linked UI/integration workflow does not imply unsupported behavior.,Windows CI/release artifact/clean-machine acceptance,All phases,Not Run,,
